1289,1171,85,-35,604,1064,15,641,1168,-6,-23,768,1126
1314,819,74,-7,964,884,2,818,1190,-12,-13,862,1237
1155,1144,91,-45,476,725,15,884,1084,-11,-27,1164,1093
1236,1143,58,-32,512,1105,14,580,847,-6,-42,1190,677
1204,1118,109,-10,1039,1084,1,805,1175,-14,-40,739,753
1261,630,44,-28,652,664,15,839,1032,-6,-21,749,706
1339,684,108,-24,967,1143,18,707,1149,-9,-33,759,792
1247,875,68,-26,574,1058,23,523,921,-1,-17,1083,872
1214,1070,102,-7,749,1069,12,557,1115,-9,-22,1160,1234
1130,892,33,-32,500,871,13,611,1178,-8,-7,1150,1110
1188,1006,63,-39,752,706,17,951,1103,-10,-33,1049,745
1158,803,105,-42,1034,969,10,787,860,-2,-36,1188,706
1143,623,114,-10,880,1116,19,959,1287,-6,-11,892,1055
1164,1165,98,-23,450,748,21,730,1098,-5,-21,789,1039
1146,874,92,-32,520,934,14,583,1058,-10,-28,958,1154
1308,894,60,-39,425,726,6,772,1298,-15,-45,923,763
1256,1039,33,-18,1063,679,0,700,1275,-2,-33,788,711
1327,742,47,-26,1052,1141,10,872,1249,-6,-33,1283,905
1295,964,56,-23,792,1023,22,971,1118,-15,-25,969,1216
1230,938,48,-34,1090,830,20,589,851,-1,-22,804,1292
1343,638,93,-26,636,1098,5,785,1113,-15,-32,1040,981
1217,1021,78,-36,1031,1159,19,823,1261,-10,-33,713,1245
1203,977,93,-34,1118,681,8,600,952,-9,-30,1329,1309
1103,993,79,-10,1038,822,7,625,942,-2,-29,1169,733
1240,632,85,-29,837,1013,14,941,836,-13,-10,755,850
1157,894,55,-10,1196,956,22,572,884,-1,-21,733,994
1208,677,118,-17,525,955,22,849,1144,-14,-11,961,1257
1146,1037,99,-44,1132,850,20,880,1115,-3,-10,982,996
1151,919,59,-26,794,849,19,547,827,-1,-19,1002,1087
1161,768,83,-42,1051,1187,24,714,1163,-12,-38,1105,1327
1182,1152,93,-23,1027,1199,1,667,1159,-13,-34,817,1290
1116,848,57,-10,500,1089,23,546,1110,-7,-17,787,1318
1334,690,35,-7,977,767,20,614,1177,-12,-41,711,1130
1173,1199,86,-20,889,901,4,699,860,-6,-30,1178,759
1177,639,48,-40,1005,924,0,858,828,-11,-45,808,968
1142,931,75,-16,655,904,23,667,862,-6,-37,865,770
1140,778,108,-14,1071,1033,5,953,1141,-14,-41,1348,1061
1274,606,107,-7,889,912,13,753,1294,-8,-21,1265,1213
1137,1049,71,-44,400,722,14,864,1034,-1,-27,771,1069
1131,1014,85,-25,480,777,7,993,1117,-12,-18,1074,1248
1258,733,109,-7,663,740,23,740,1049,-12,-39,849,838
1139,636,117,-39,435,1135,13,513,987,-12,-22,1123,883
1200,815,92,-17,479,909,2,985,897,-4,-31,782,958
1190,1145,48,-39,893,920,15,656,826,-8,-40,1037,975
1192,887,84,-6,738,794,20,521,1177,-3,-35,785,1002
1273,1007,38,-12,1136,726,6,516,1219,-5,-25,907,679
1163,1147,96,-16,901,1024,24,623,897,-5,-11,1148,972
1159,1031,32,-14,653,1100,18,880,918,-15,-44,950,1252
1331,724,108,-39,652,1026,10,975,1176,-3,-41,1343,1067
1206,923,94,-38,1151,899,22,686,1152,-4,-28,1257,875
1150,909,97,-43,1087,913,23,589,1190,-9,-42,820,704
1177,907,86,-14,542,1080,19,694,1190,-5,-36,1196,860
1159,1075,86,-43,564,789,13,578,852,-2,-43,964,761
1315,781,117,-43,637,960,12,945,1178,-3,-19,840,877
1258,940,55,-23,1000,681,21,508,1157,-1,-45,1322,1001
1101,727,53,-28,961,996,20,809,829,-1,-11,706,751
1127,659,76,-44,913,1086,10,690,926,-1,-34,704,824
1150,1125,53,-34,1028,706,17,505,1063,-3,-6,661,1077
1107,1120,92,-33,676,932,18,720,1147,-10,-13,1155,1344
1173,1004,109,-45,429,829,21,912,1219,-10,-23,1188,1048
1253,1058,68,-24,459,874,5,690,1105,-3,-10,764,937
1147,912,76,-15,699,1101,17,832,884,-12,-36,1225,697
1345,1182,52,-24,806,1122,0,929,947,-11,-34,1199,703
1329,662,49,-39,935,1103,7,744,1190,-14,-30,777,1048
1170,1067,114,-44,600,717,6,749,1253,-7,-9,1124,1276
1132,1075,93,-16,953,977,9,902,993,-2,-43,743,865
1261,935,77,-31,756,1157,9,864,1128,-3,-17,1251,1187
1298,1138,68,-13,840,987,6,697,1084,-13,-40,1349,867
1193,1087,80,-15,762,906,6,750,847,-2,-40,1263,763
1243,624,99,-37,875,936,11,947,1209,-5,-18,1283,1050
1182,1091,65,-27,1098,967,15,850,1123,-1,-32,1037,909
1273,1006,41,-33,1128,1143,11,500,917,-3,-33,1066,752
1137,627,91,-20,431,1000,16,507,992,-13,-26,1049,911
1219,701,36,-10,616,946,6,865,1083,-14,-20,1032,1134
1156,1197,106,-44,731,973,3,691,882,-15,-32,1069,983
1242,835,109,-16,930,733,6,608,1107,-12,-38,1044,1027
1254,1173,64,-26,1080,670,4,733,1188,-10,-9,659,1230
1209,940,107,-43,608,892,16,540,1001,-11,-15,704,1077
1327,1136,91,-40,733,650,6,784,876,-7,-19,702,1166
1120,924,54,-35,592,741,9,801,1007,-5,-19,656,1313
1142,1098,60,-34,453,866,18,705,1267,-1,-28,666,653
1301,988,95,-30,1035,847,9,870,830,-10,-36,865,1320
1215,1053,76,-30,1154,1153,0,717,1076,-12,-28,1324,1009
1128,1070,98,-43,763,933,1,717,1056,-12,-26,1018,882
1241,940,111,-24,721,904,19,707,1101,-13,-10,687,1275
1192,1189,110,-11,1010,920,8,623,1214,-2,-30,1267,1328
1174,632,99,-41,535,725,13,820,885,-6,-29,1257,775
1133,1064,115,-16,550,798,13,838,1288,-11,-25,1057,721
1101,735,61,-25,927,1003,7,866,1285,-3,-10,995,915
1191,608,63,-35,622,1157,4,733,1094,-10,-41,956,698
1264,727,49,-18,430,664,21,613,1083,-13,-31,933,1150
1198,938,40,-26,1155,887,23,700,1246,-2,-22,1156,870
1316,609,108,-13,1090,1000,14,947,1081,-5,-37,926,675
1342,968,115,-8,401,850,7,512,1103,-3,-18,918,1226
1170,1078,115,-24,971,931,7,735,986,-6,-36,828,696
1284,1048,76,-44,447,1171,10,967,923,-5,-29,1279,920
1146,760,107,-27,741,1153,2,636,896,-14,-17,1062,1065
1117,711,109,-44,700,876,14,985,1145,-7,-37,731,913
1288,1106,76,-14,456,1089,17,917,921,-4,-40,675,687
1296,912,69,-11,765,737,19,725,821,-9,-11,821,1172
1166,616,69,-8,413,894,7,810,1116,-3,-36,1229,1171
1197,891,76,-7,643,1009,12,848,837,-6,-41,980,1090
1267,638,32,-25,980,666,12,622,1067,-6,-27,1128,994
1161,955,78,-30,570,752,5,938,830,-8,-35,1011,977
1114,1094,101,-22,886,870,7,825,1032,-14,-41,1037,912
1145,642,84,-44,1020,1131,19,662,900,-1,-19,1008,917
1183,1028,77,-30,752,691,10,839,1035,-10,-29,1217,945
1228,602,82,-30,564,786,21,523,1030,-11,-6,1143,736
1289,692,47,-7,1032,1154,24,853,1092,-5,-8,1159,863
1279,887,96,-35,1089,1013,12,840,876,-2,-12,1329,938
1306,853,50,-7,1067,936,17,782,1142,-8,-44,1204,742
1337,762,83,-34,1046,857,24,898,905,-10,-17,1196,1336
1328,832,93,-17,733,742,20,652,1257,-7,-38,1214,1316
1266,1042,40,-23,665,875,23,793,1064,-11,-39,926,1236
1258,771,70,-12,549,760,18,694,1115,-5,-14,1287,1197
1340,643,69,-6,503,857,9,711,1194,-6,-22,1203,1103
1117,1068,77,-30,1019,846,17,551,988,-11,-43,669,1147
1146,1186,59,-45,431,976,13,760,963,-2,-30,1293,719
1323,883,96,-10,437,1138,20,906,1136,-15,-36,655,662
1270,670,61,-18,525,702,17,519,1178,-15,-26,660,1347
1227,834,97,-24,1010,932,7,623,850,-7,-15,695,1303
1196,715,101,-12,662,825,23,545,1283,-10,-12,813,1125
1275,1047,66,-18,680,736,6,878,927,-13,-22,1113,782
1337,906,60,-32,825,869,22,787,1183,-11,-43,657,820
1147,677,50,-8,521,1152,21,945,883,-2,-9,1186,781
1158,1032,109,-24,838,759,6,924,920,-1,-34,1147,655
1193,768,86,-36,922,865,0,904,1098,-8,-10,1173,993
1142,740,115,-41,898,808,22,989,838,-2,-17,1347,675
1255,700,67,-37,889,1139,10,953,1170,-15,-7,1133,931
1106,1134,35,-10,1064,770,20,683,1284,-1,-18,1135,729
1193,976,94,-17,656,695,18,706,1002,-14,-18,1103,1241
1166,640,107,-11,614,1048,15,893,901,-2,-19,1039,1314
1340,912,54,-22,1130,820,21,535,1215,-11,-10,1149,1101
1127,1067,66,-16,738,767,21,565,1137,-12,-24,1252,827
1344,1146,48,-18,881,1168,23,806,1093,-4,-21,853,1314
1186,1164,107,-24,1032,1167,23,837,892,-6,-45,894,896
1183,900,51,-19,742,744,18,513,1078,-11,-31,1245,1008
1303,1000,106,-22,757,806,13,748,1203,-13,-29,806,982
1130,1158,64,-22,940,718,18,851,1051,-1,-15,720,957
1308,1085,84,-28,760,834,9,679,1024,-11,-8,1179,1095
1233,802,65,-29,1015,1037,20,733,1149,-2,-28,696,713
1276,782,82,-31,1127,861,12,734,836,-5,-37,817,766
1337,1066,77,-14,765,1180,9,740,848,-10,-6,698,1077
1208,612,100,-7,1041,803,15,880,1006,-4,-44,1005,865
1167,1161,118,-8,987,655,10,674,1198,-5,-37,1172,1164
1231,726,84,-21,421,748,14,628,933,-10,-27,986,1044
1129,1031,119,-15,566,972,24,930,864,-11,-35,961,938
1346,1149,118,-22,1007,988,0,701,1155,-14,-35,853,1274
1259,1068,42,-41,601,710,5,615,895,-8,-31,1253,948
1287,949,34,-42,685,1052,24,911,1184,-8,-9,1052,828
1348,932,42,-14,687,774,8,925,1064,-15,-12,906,1201
1325,1082,84,-29,1077,733,13,902,978,-14,-22,1105,1069
1299,979,80,-10,812,780,7,811,1250,-9,-11,1016,1209
1234,611,38,-17,972,701,8,636,917,-2,-34,1224,1229
1266,1155,48,-34,525,1063,7,763,993,-1,-12,1332,707
1205,832,96,-29,707,803,6,956,1230,-6,-19,924,834
1159,931,76,-38,775,802,2,857,1105,-3,-22,1251,689
1326,825,76,-39,1163,846,9,732,1129,-8,-15,779,772
1264,887,92,-19,401,845,12,631,1224,-13,-36,1278,765
1210,1035,96,-44,1122,1010,2,506,952,-3,-33,787,1281
1171,602,84,-42,479,772,20,859,1067,-2,-32,1104,856
1205,871,107,-13,938,672,9,551,875,-5,-25,1180,862
1163,616,33,-12,888,792,13,955,1298,-9,-17,824,722
1333,1161,107,-13,841,794,4,945,1130,-8,-45,977,1054
1280,884,51,-10,424,738,4,636,1100,-15,-26,954,1286
1250,823,112,-26,599,1066,24,592,1026,-1,-44,977,1184
1149,1009,41,-43,1036,959,21,883,1162,-3,-20,815,724
1187,1163,44,-23,816,763,4,978,1060,-4,-16,689,1270
1105,861,34,-23,430,1072,19,660,848,-2,-27,862,1267
1179,740,94,-35,921,731,8,706,873,-6,-25,1004,989
1239,1114,55,-23,607,1012,15,685,1206,-9,-38,1022,1343
1343,958,97,-37,1112,731,22,932,1160,-10,-18,916,1022
1225,1020,53,-15,610,1187,22,746,918,-2,-9,920,1129
1169,939,72,-25,626,1152,5,962,1011,-1,-41,880,952
1283,1066,56,-24,1013,1183,20,770,851,-7,-40,970,1138
1149,796,65,-22,576,1029,9,896,834,-15,-21,733,964
1344,845,108,-32,839,725,7,955,933,-5,-6,719,1265
1270,1013,39,-37,714,1070,23,987,984,-10,-18,816,960
1153,737,52,-25,1050,1149,24,599,1244,-10,-13,650,1085
1156,764,46,-16,1081,996,19,774,902,-14,-27,838,1047
1115,798,68,-32,1182,843,1,813,1134,-5,-32,745,688
1102,997,76,-15,681,673,2,805,1112,-13,-44,1178,1034
1273,836,69,-16,506,793,24,951,991,-15,-25,1176,745
1262,922,39,-42,831,725,6,503,866,-9,-27,1170,1078
1177,1048,113,-27,606,985,14,742,1165,-7,-15,784,757
1334,707,61,-12,646,824,5,830,1009,-7,-22,997,1124
1155,863,106,-8,515,1109,2,706,892,-10,-17,894,1335
1171,760,71,-10,1097,780,14,769,960,-6,-8,1180,1123
1190,991,57,-19,747,846,4,844,964,-9,-44,1305,1195
1236,821,77,-8,863,1158,5,605,1032,-3,-8,1316,925
1275,926,66,-6,591,1034,10,796,1188,-2,-10,827,820
1153,931,107,-23,483,1160,16,956,969,-5,-33,819,1120
1284,1060,87,-19,661,1121,23,605,896,-8,-8,777,814
1297,757,50,-11,407,923,14,513,1057,-8,-10,1010,798
1257,816,74,-32,908,865,14,635,1048,-5,-32,660,991
1325,610,87,-8,905,921,2,636,1007,-13,-20,1159,831
1333,825,71,-28,438,834,13,806,1243,-10,-37,953,1008
1191,650,57,-21,1108,779,16,682,1120,-15,-26,1251,757
1268,697,98,-21,1002,781,20,973,1164,-2,-26,1318,707
1256,757,74,-39,578,941,0,957,828,-6,-13,1207,870
1292,606,38,-15,835,1046,19,733,1210,-7,-40,958,1169
1293,611,107,-11,683,817,12,649,1139,-8,-44,1317,785
1126,1102,35,-34,523,804,18,976,1085,-10,-22,974,1285
1228,911,106,-15,749,1087,22,895,991,-13,-14,650,830
1130,953,72,-35,481,692,0,973,1218,-14,-27,945,907
1330,1059,83,-25,558,775,21,577,1028,-1,-36,831,1206
1144,847,113,-42,951,1003,21,887,916,-11,-37,787,1030
1120,616,89,-36,820,1063,9,933,1111,-4,-36,1317,1156
1101,960,118,-35,1118,928,8,684,879,-5,-41,726,1169
1105,1101,49,-11,1146,1082,16,917,1064,-13,-24,1317,1184
1347,1038,44,-12,1105,1142,5,750,1132,-5,-24,1278,1091
1103,1153,117,-36,1110,953,17,974,819,-3,-21,821,926
1334,827,92,-22,859,883,9,978,1089,-14,-31,811,1330
1291,1189,110,-25,742,1058,1,554,1047,-3,-45,883,858
1142,779,71,-26,765,697,4,580,806,-1,-32,1016,1327
1305,884,74,-40,1008,1126,9,748,1029,-9,-12,710,1317
1297,725,72,-33,865,843,6,514,914,-1,-37,983,1317
1129,1099,30,-39,980,1022,24,827,804,-15,-9,663,1246
1309,643,37,-28,714,1189,19,663,832,-1,-32,752,955
1248,677,58,-19,1105,1109,17,978,1225,-10,-16,745,928
1140,1142,33,-21,1198,721,14,752,902,-14,-34,823,1071
1145,686,51,-24,893,669,10,935,1178,-12,-12,1338,1255
1174,731,117,-8,474,1015,18,620,923,-8,-39,1125,1279
1193,923,31,-7,542,915,4,913,1036,-4,-22,1116,912
1228,684,44,-13,1158,837,6,925,978,-2,-23,801,659
1329,741,86,-6,1107,1029,18,595,1121,-7,-32,729,1055
1109,959,70,-42,596,982,23,686,1261,-2,-15,820,1062
1318,1089,106,-36,960,663,8,909,1055,-10,-44,832,688
1323,1107,89,-25,1142,1198,5,932,1204,-3,-35,947,840
1169,717,42,-25,450,765,7,567,838,-10,-12,701,881
1156,1087,87,-32,634,1069,7,930,800,-2,-23,942,886
1108,753,105,-9,897,851,9,641,1268,-12,-32,1201,1340
1259,835,97,-25,538,913,0,782,846,-6,-9,650,953
1161,1119,115,-19,737,759,7,955,894,-3,-27,1025,1128
1321,958,66,-23,851,715,9,510,1154,-5,-36,923,717
1330,1041,80,-40,737,1169,16,600,918,-6,-7,941,1223
1106,1177,49,-27,573,982,12,721,1285,-5,-43,706,1095
1139,780,74,-10,938,979,21,650,911,-5,-10,1029,1263
1190,1008,113,-18,1126,785,17,969,972,-9,-28,802,745
1233,968,66,-38,766,994,2,903,917,-6,-45,848,1131
1111,1167,91,-32,1187,804,2,583,1275,-3,-38,696,858
1106,1034,109,-25,1010,783,23,904,1138,-10,-22,885,1218
1180,941,110,-13,708,1197,23,505,863,-9,-26,1138,738
1286,1188,109,-13,1172,983,3,962,1049,-13,-28,695,870
1137,820,30,-40,647,935,16,543,808,-3,-27,1155,1006
1224,1119,63,-29,670,1029,9,600,881,-6,-31,687,1236
1213,915,112,-26,997,652,20,665,916,-10,-26,981,1000
1285,827,68,-17,962,1017,1,925,861,-8,-8,967,669
1316,1104,103,-27,594,1004,9,821,900,-7,-37,1188,1262
1113,712,111,-8,1002,788,2,650,800,-14,-42,1123,1204
1165,838,102,-34,1082,1072,21,898,1287,-13,-42,1257,1058
1261,814,36,-45,1119,875,23,537,1067,-1,-8,1282,1132
1100,761,54,-36,911,953,17,885,838,-3,-43,1263,1340
1340,1127,41,-39,850,1105,21,952,1035,-5,-34,889,1008
1130,644,91,-37,559,1089,7,686,1247,-2,-25,960,1232
1276,730,65,-13,410,1155,21,913,910,-15,-17,775,1306
1319,687,71,-32,957,996,17,877,1107,-4,-28,830,1313
1149,680,111,-32,1062,726,7,545,884,-8,-21,1046,1309
1312,1175,103,-26,976,657,18,770,1186,-3,-7,745,956
1196,1131,74,-6,407,832,23,953,1034,-8,-27,1343,1049
1168,844,66,-15,798,883,4,814,1116,-6,-17,886,1078
1330,671,51,-38,505,1143,0,966,1047,-10,-31,1001,1261
1213,808,49,-31,858,1198,16,594,1048,-1,-10,708,1212
1224,727,35,-23,719,1170,18,692,877,-8,-22,675,1057
1160,1039,79,-16,424,1061,15,792,1002,-11,-27,1248,800
1235,916,69,-41,600,901,5,527,955,-6,-36,1138,1020
1334,978,90,-33,676,731,24,705,1156,-12,-41,718,759
1193,995,56,-29,1173,878,5,502,1070,-3,-27,728,721
1250,1075,67,-30,1092,930,15,537,851,-1,-20,794,901
1277,961,31,-22,787,1134,15,562,1211,-14,-26,692,790
1214,968,49,-24,859,809,19,984,919,-7,-30,977,684
1154,942,61,-12,744,1077,2,959,1291,-6,-31,1002,1249
1130,901,30,-34,633,1053,2,555,875,-11,-25,917,927
1265,1036,59,-12,427,1070,13,710,1126,-5,-27,759,1005
1183,794,86,-13,1144,726,23,660,1071,-6,-13,1221,857
1166,707,56,-16,855,1025,0,509,1034,-6,-11,928,1141
1266,654,94,-18,802,855,0,715,873,-8,-9,1014,1321
1145,881,47,-35,447,848,22,909,1027,-14,-12,1320,1245
1332,1113,68,-6,921,820,0,941,1132,-12,-42,749,1234
1141,1022,55,-23,1061,1135,8,838,986,-10,-29,842,1263
1173,671,118,-39,830,908,15,817,1211,-5,-39,1010,1308
1174,647,112,-45,570,802,0,893,1174,-13,-28,946,950
1132,1161,65,-7,1153,974,7,927,809,-2,-24,1345,1156
1165,1146,75,-43,577,846,19,796,1240,-10,-34,1293,1178
1161,626,82,-10,839,905,19,944,1105,-11,-11,840,879
1251,1172,83,-30,549,1061,2,850,871,-14,-29,949,912
1307,876,82,-20,684,1163,15,530,883,-7,-41,1115,1109
1173,1036,66,-29,740,1167,20,764,855,-10,-44,807,847
1284,752,89,-15,1161,931,17,824,1012,-3,-8,829,1291
1164,648,80,-43,1178,856,12,526,1025,-15,-8,1186,656
1316,911,58,-40,1031,940,23,651,923,-8,-30,1095,972
1207,920,53,-35,865,675,4,712,844,-2,-20,1005,1008
1329,784,107,-41,1017,684,4,649,856,-11,-24,708,1094
1226,1068,79,-19,1132,767,0,898,993,-8,-19,885,709
1184,918,56,-14,1085,1090,17,964,1227,-1,-30,1182,838
1329,1194,36,-39,773,1053,18,597,848,-13,-41,821,700
1271,952,58,-38,836,699,22,516,1209,-7,-38,651,1070
1293,854,83,-30,1017,702,21,693,821,-12,-20,1082,1011
1296,956,49,-37,523,1111,21,770,862,-1,-34,887,775
1113,1143,66,-30,1020,860,19,843,1268,-4,-29,1016,1193
1172,811,48,-20,566,1063,1,929,978,-13,-33,1164,1009
1191,626,104,-8,740,1195,11,907,977,-14,-23,855,740
1145,639,101,-45,937,894,4,902,1149,-8,-38,1174,1009
1148,1152,106,-40,910,905,13,884,940,-15,-45,902,1248
1227,1088,91,-14,412,858,24,674,1295,-13,-26,1272,709
1318,1146,32,-13,561,897,10,874,1015,-15,-25,1100,727
1140,1014,52,-10,679,1124,1,584,1192,-8,-37,1179,1131
1212,1193,105,-7,613,1092,12,743,1251,-8,-17,763,1283
1265,806,114,-30,508,1066,20,892,1086,-3,-19,1349,1162
1196,996,73,-24,1105,982,1,603,950,-7,-44,1009,1211
1129,775,89,-23,641,1144,24,700,887,-1,-9,771,1038
1229,974,115,-39,1145,1133,24,915,1093,-15,-39,1099,1223
1131,621,73,-9,514,664,13,639,806,-13,-19,657,778
1104,816,33,-8,1001,931,9,757,950,-1,-29,673,859
1160,998,83,-38,743,1058,24,595,993,-7,-11,1030,1175
1125,884,40,-26,472,808,5,936,1231,-11,-43,813,1146
1284,604,71,-7,715,1001,13,543,1010,-2,-17,1096,885
1271,614,92,-8,606,763,11,667,1246,-4,-18,884,1171
1348,1196,103,-19,1042,1083,18,963,1014,-8,-36,854,656
1280,1162,94,-22,561,1091,3,609,847,-15,-7,1144,1038
1240,1133,98,-24,515,1003,16,923,850,-9,-9,1200,1267
1267,654,49,-11,619,1176,17,759,1016,-11,-31,1124,1011
1150,799,67,-33,767,984,4,749,943,-14,-26,841,1035
1265,660,104,-21,1128,926,9,654,1247,-4,-12,965,1191
1195,1164,112,-17,509,974,19,727,1160,-9,-10,711,962
1173,1050,34,-17,483,1001,24,844,1246,-9,-24,1123,704
1168,1034,63,-27,829,694,19,657,1075,-2,-34,669,1246
1256,1123,119,-31,686,1028,7,867,1269,-2,-23,1203,1103
1115,781,91,-14,899,1068,24,656,823,-3,-35,843,966
1263,711,38,-34,1173,828,24,528,1003,-15,-37,1127,1188
1162,722,101,-20,727,1093,19,894,1217,-10,-16,1037,1179
1164,820,107,-26,1168,1008,7,752,888,-1,-41,1031,1078
1285,1108,72,-12,797,869,8,696,1097,-11,-37,1227,1326
1298,786,95,-42,520,888,10,860,893,-3,-23,1101,1336
1205,1144,99,-10,816,657,0,649,809,-1,-41,662,1273
1179,775,100,-42,1059,1083,16,809,899,-9,-43,743,947
1319,881,72,-44,1050,833,20,893,849,-12,-44,699,733
1327,1037,108,-9,493,847,12,993,969,-5,-32,1119,816
1147,742,80,-25,880,655,12,846,1006,-2,-22,1119,1246
1121,728,83,-18,458,975,11,908,1220,-11,-29,1033,874
1274,1117,37,-15,990,759,15,969,913,-3,-12,1160,933
1257,826,116,-36,1187,1054,5,821,1125,-13,-28,1257,661
1111,736,70,-6,853,689,12,700,1296,-12,-34,995,672
1248,947,34,-34,805,1014,3,726,1125,-4,-20,745,841
1148,1179,76,-19,777,746,8,758,830,-13,-7,787,1122
1267,1170,117,-38,846,1031,9,572,1213,-7,-18,1181,1148
1286,630,75,-28,1020,993,18,909,1204,-10,-12,814,1296
1244,747,78,-13,1102,1111,18,977,1109,-2,-39,679,1181
1337,796,66,-16,880,715,15,956,1088,-15,-16,906,938
1140,749,103,-27,1196,711,14,769,1066,-14,-24,750,1156
1318,1064,61,-44,795,1175,17,503,1270,-5,-33,673,805
1102,641,41,-38,970,917,9,547,824,-7,-21,769,1345
1229,717,56,-24,524,1115,21,959,1139,-2,-12,1204,905
1226,763,87,-28,1150,837,5,612,1170,-7,-22,823,1287
1214,613,115,-28,1160,784,23,544,1289,-10,-30,813,926
1246,978,41,-37,986,768,18,542,1192,-8,-32,904,1093
1273,1066,73,-26,843,821,14,716,1292,-6,-29,952,855
1151,1048,59,-39,462,1067,24,887,1223,-12,-45,1277,1315
1349,1132,108,-11,732,942,22,855,1141,-13,-20,1228,1031
1349,1063,97,-32,993,793,8,708,1168,-3,-45,975,1262
1187,1085,48,-45,1037,937,0,716,1100,-8,-6,769,1026
1294,1150,36,-41,876,1049,4,661,923,-8,-15,784,692
1176,1058,35,-34,830,1009,22,723,971,-7,-43,720,995
1169,922,57,-31,740,1093,14,974,1171,-1,-26,696,827
1136,681,114,-14,1143,830,16,535,885,-4,-25,1117,1318
1269,1060,51,-40,801,780,6,893,1213,-1,-7,1132,700
1336,901,96,-11,1041,752,24,894,1041,-5,-33,694,1246
1143,1080,105,-28,1003,797,12,527,864,-13,-32,1047,1285
1244,645,86,-31,405,1185,17,884,1150,-15,-17,1136,1298
1185,1053,102,-37,949,1035,2,594,1117,-13,-39,778,843
1214,728,93,-45,661,829,24,782,1024,-14,-22,863,726
1324,1137,91,-44,729,849,20,859,1226,-2,-20,1317,1139
1303,685,101,-39,979,939,19,867,1066,-5,-41,1136,1339
1341,1062,58,-14,684,825,23,962,986,-4,-10,1154,1047
1227,801,95,-35,1130,1018,24,985,1091,-6,-9,1016,1252
1120,1147,73,-6,518,1139,12,940,800,-5,-24,1220,1122
1284,969,94,-22,683,910,14,768,931,-13,-41,794,1230
1227,1063,94,-26,640,800,23,963,1123,-9,-12,1055,1063
1330,669,41,-16,1008,894,1,845,876,-5,-22,901,1176
1204,699,96,-18,601,807,3,658,996,-13,-23,1307,785
1302,1045,94,-10,816,786,18,840,993,-1,-37,668,709
1309,717,62,-44,709,986,17,989,1003,-6,-43,1315,1160
1163,737,88,-7,808,1063,15,720,1110,-4,-30,737,1315
1174,1168,50,-6,625,678,5,512,1006,-4,-16,1227,1149
1340,867,73,-6,421,1015,1,556,1098,-14,-43,736,1145
1198,1168,60,-12,999,819,20,510,987,-15,-23,926,1025
1113,918,92,-45,433,1119,21,735,869,-8,-41,1301,1066
1254,779,117,-12,816,788,8,668,1183,-15,-34,899,1091
1333,635,32,-9,549,776,18,692,1135,-12,-43,671,850
1314,931,113,-40,1067,853,16,618,1088,-3,-24,1114,1294
1198,784,31,-25,493,759,11,831,1237,-12,-34,1130,1287
1330,1097,56,-37,416,806,22,980,834,-9,-18,1124,1346
1171,829,61,-31,934,899,17,642,809,-2,-22,761,1137
1223,1141,111,-15,439,749,22,698,1135,-1,-42,1087,1106
1109,866,55,-13,1124,1018,7,632,1026,-8,-28,1141,867
1146,1096,56,-13,1040,951,13,914,1188,-12,-32,883,1043
1348,725,43,-20,699,1171,21,730,1143,-8,-29,923,744
1257,1149,43,-15,710,687,4,866,1168,-10,-15,1249,657
1281,812,47,-28,1000,860,22,887,862,-11,-10,1309,1310
1229,679,99,-44,1151,769,11,582,983,-12,-41,1111,693
1129,800,56,-20,787,1089,7,708,1191,-11,-32,1139,731
1329,1056,79,-31,877,754,0,624,1092,-7,-33,1249,866
1300,658,105,-11,1035,757,6,765,1181,-12,-42,831,799
1111,987,34,-16,744,1017,22,649,897,-8,-43,1084,733
1322,1020,60,-10,585,978,19,503,1127,-13,-44,1074,946
1275,1170,104,-16,1177,1140,4,937,809,-5,-42,1147,948
1116,962,33,-29,912,850,14,871,1233,-11,-6,1164,996
1296,1119,108,-11,473,878,9,850,1030,-1,-36,728,1166
1241,984,37,-25,1199,1082,24,605,1138,-1,-27,1045,957
1277,1032,89,-40,408,920,17,841,987,-2,-16,922,1025
1160,659,119,-24,663,817,5,605,1279,-3,-32,1226,1320
1264,879,65,-32,772,998,5,988,1097,-10,-20,1246,1320
1209,826,95,-44,975,764,8,589,955,-4,-15,844,1011
1260,1060,58,-30,422,1078,2,510,911,-14,-13,671,1316
1332,1148,34,-22,760,665,1,518,1252,-10,-20,852,1111
1230,977,40,-39,1061,869,5,663,850,-1,-14,1227,952
1128,1040,58,-44,949,1077,22,669,1062,-12,-11,1195,1100
1348,759,78,-26,1103,908,12,509,1081,-13,-36,1322,874
1307,767,114,-26,956,745,22,673,891,-8,-39,920,1274
1196,1143,40,-17,1198,905,6,568,984,-5,-33,748,991
1244,1085,40,-28,951,866,5,931,1085,-12,-45,777,1252
1306,944,96,-6,1191,1188,8,524,1284,-13,-20,1097,727
1176,906,74,-37,589,705,22,836,1236,-1,-28,1269,834
1119,929,103,-23,566,689,10,751,1214,-2,-45,935,801
1271,668,117,-40,792,706,1,529,973,-8,-19,1160,862
1149,1078,54,-44,412,738,8,681,1037,-5,-39,1346,1080
1211,776,42,-22,1038,911,21,817,937,-12,-35,1109,839
1262,926,106,-33,785,672,12,953,1075,-7,-39,930,822
1123,720,94,-19,976,681,20,739,1022,-11,-20,984,1057
1206,946,99,-33,1192,653,23,941,923,-7,-40,679,1196
1286,816,47,-23,1086,1105,10,556,1161,-4,-9,1114,974
1163,1014,75,-43,404,700,24,614,992,-8,-30,1255,893
1232,651,31,-36,1054,1074,7,507,952,-2,-35,1026,824
1247,720,44,-44,857,1042,5,829,1032,-14,-35,903,1237
1342,1101,70,-37,452,853,18,740,1021,-4,-17,1087,1142
1288,875,71,-18,606,1048,22,520,1268,-4,-15,805,912
1213,907,67,-33,807,1010,7,520,959,-5,-41,1207,724
1343,1055,88,-19,1028,1081,17,779,1273,-6,-35,654,1326
1244,961,77,-26,539,1159,8,528,911,-8,-27,961,1034
1211,1011,43,-21,1091,705,20,905,809,-2,-19,930,1097
1213,648,70,-30,1138,1147,1,610,1299,-3,-25,981,1219
1183,763,55,-40,1005,680,1,574,1127,-8,-26,1119,1032
1322,904,37,-8,673,843,1,965,1254,-11,-6,1237,812
1119,784,34,-21,524,695,19,820,873,-6,-29,995,900
1121,807,74,-22,970,668,3,789,835,-15,-40,1074,847
1298,1115,113,-16,499,801,11,765,1298,-10,-23,781,1137
1297,1008,35,-27,880,1175,3,854,1115,-10,-41,708,1239
1292,765,48,-6,1093,783,4,622,1029,-10,-42,825,1212
1297,778,71,-45,634,931,1,540,851,-7,-18,951,994
1251,791,52,-26,958,651,18,595,1156,-7,-32,1349,1321
1198,899,48,-37,1085,877,23,707,1228,-9,-21,870,991
1196,727,31,-14,863,1115,3,637,1109,-13,-8,964,1020
1238,1106,75,-28,461,804,4,944,1143,-12,-19,1076,1185
1246,929,30,-44,780,919,4,644,1056,-14,-6,877,955
1105,1036,101,-14,1164,823,22,940,898,-15,-29,769,1223
1211,708,42,-14,593,907,0,670,801,-6,-11,1265,925
1190,946,33,-9,795,1042,20,992,1231,-11,-16,726,1269
1230,1082,34,-16,946,1160,15,528,1119,-6,-21,881,1236
1255,872,38,-31,749,1040,15,791,931,-2,-27,1033,942
1190,1117,64,-14,927,1143,9,557,1273,-5,-20,1206,1262
1120,706,33,-8,824,964,6,853,1254,-10,-7,1148,1167
1186,933,102,-40,987,733,13,716,1181,-15,-44,1094,1014
1343,630,42,-26,952,1001,6,598,1177,-14,-45,668,914
1235,939,63,-28,815,708,3,690,1261,-2,-6,901,1257
1344,1113,57,-36,615,990,17,504,1282,-7,-23,979,668
1304,926,47,-14,758,990,10,775,905,-6,-15,934,699
1243,1080,33,-7,670,915,13,997,887,-14,-42,1096,1337
1338,1027,42,-18,812,863,16,612,1265,-7,-35,723,1074
1336,600,53,-44,488,735,15,767,1199,-8,-33,1227,1130
1101,1128,73,-40,1122,764,7,614,1020,-15,-12,1022,761
1141,1050,58,-41,955,818,11,934,1036,-8,-23,802,986
1131,890,41,-10,536,882,0,735,1008,-7,-38,739,1113
1165,720,88,-27,762,924,19,875,1148,-4,-36,744,823
1284,1123,93,-28,632,992,9,905,1275,-1,-6,800,1069
1336,865,98,-11,857,1190,13,943,1197,-13,-20,1300,1241
1234,1175,94,-30,907,1141,24,808,1191,-1,-9,781,1298
1303,1044,96,-10,821,822,10,758,804,-11,-23,767,971
1114,1114,45,-18,815,819,15,806,997,-2,-39,981,1291
1143,1185,96,-44,950,1166,7,767,861,-12,-31,896,1161
1186,867,53,-33,901,1017,14,950,1055,-15,-21,743,721
1148,912,88,-26,689,880,15,869,1261,-10,-8,673,1273
1339,656,105,-40,683,1167,5,826,898,-10,-23,889,788
1102,1009,36,-6,729,660,15,536,1282,-8,-38,921,1179
1140,634,75,-34,1067,893,18,511,1155,-15,-33,1127,1003
1164,704,84,-37,932,1030,8,732,1078,-9,-37,741,907
1283,1072,42,-11,901,662,5,617,1148,-10,-19,1001,1121
1306,615,36,-40,607,718,2,769,1147,-10,-31,1166,902
1161,817,39,-39,446,1050,0,851,943,-12,-25,874,695
1316,1034,77,-21,1163,873,5,990,1166,-13,-29,1134,965
1249,1140,108,-23,1180,1031,1,869,952,-1,-14,1083,1034
1266,953,36,-43,999,839,14,666,803,-11,-16,805,932
1261,616,53,-38,812,1164,20,939,909,-1,-39,1323,1268
1315,853,61,-35,664,813,23,666,915,-6,-37,1324,768
1169,971,72,-8,903,764,18,648,1162,-15,-19,678,955
1127,1003,90,-13,513,1074,5,935,1127,-11,-39,1019,981
1133,968,113,-26,1145,930,1,976,1200,-14,-32,1181,863
1144,1015,72,-18,1031,814,18,768,1284,-9,-42,857,1225
1276,904,39,-31,928,1061,6,521,1115,-4,-24,1284,829
1172,1062,86,-38,961,765,8,852,1215,-11,-29,1320,824
1246,695,94,-45,429,880,21,902,1273,-3,-28,742,760
1157,809,39,-22,1113,815,2,780,1228,-8,-27,828,908
1128,1144,67,-9,658,705,7,831,1189,-10,-17,990,1053
1136,1039,96,-16,746,860,19,683,882,-12,-31,695,757
1321,1038,56,-12,701,794,13,663,1006,-9,-8,1264,1183
1311,1145,80,-45,527,977,17,862,872,-4,-10,1030,747
1310,882,54,-14,644,665,20,566,1052,-3,-11,787,660
1291,956,33,-35,569,721,11,982,1067,-12,-34,1343,1108
1252,1010,109,-13,975,1099,23,815,1169,-3,-8,994,872
1223,1137,45,-10,401,822,21,506,1175,-11,-16,1291,767
1253,1012,99,-6,496,1101,20,615,1297,-15,-18,678,918
1329,869,51,-13,471,741,12,574,1163,-4,-25,765,867
1219,665,43,-40,919,1146,19,604,1082,-15,-9,1204,829
1231,920,65,-37,802,1087,7,926,1151,-12,-11,806,1016
1142,602,34,-28,1103,902,7,896,971,-9,-19,808,770
1158,652,89,-20,542,1176,2,722,913,-11,-13,739,1033
1264,894,66,-13,583,783,2,688,918,-5,-7,1136,674
1101,637,78,-8,509,1056,14,969,1044,-2,-18,706,1101
1163,840,80,-28,1154,664,12,776,850,-3,-33,1269,1198
1109,1192,100,-15,1096,1070,8,919,1147,-8,-25,758,718
1217,1041,42,-39,639,1186,11,877,995,-11,-38,1084,856
1287,1168,40,-45,981,812,15,725,1065,-3,-8,908,1279
1119,1156,86,-41,703,698,15,657,1127,-1,-30,1330,861
1219,1145,73,-26,572,1165,18,606,981,-3,-16,952,944
1225,1004,112,-16,870,998,0,774,807,-8,-23,1228,1169
1347,996,118,-29,669,653,23,935,1150,-14,-37,1223,1305
1174,944,113,-42,997,1063,6,672,1063,-1,-20,1122,990
1182,785,72,-35,737,1004,14,905,949,-8,-41,930,993
1196,1149,54,-43,1169,979,13,801,1211,-15,-10,1067,1305
1316,1066,49,-24,798,783,23,845,917,-7,-13,902,1305
1212,834,67,-21,1047,1157,12,843,1166,-7,-30,829,1251
1149,1000,31,-15,985,800,19,930,955,-12,-34,684,1139
1307,801,93,-24,632,772,17,648,1122,-7,-15,1253,955
1263,809,75,-15,1127,963,8,740,1277,-9,-38,1314,656
1129,1099,85,-37,817,701,1,930,1226,-13,-43,846,970
1287,1066,95,-38,479,1158,4,961,1241,-2,-7,1115,1304
1262,988,31,-42,1121,1026,6,599,1072,-10,-31,1173,1235
1148,621,119,-14,623,1051,3,562,1288,-8,-7,931,975
1282,793,81,-8,485,938,13,520,872,-14,-33,1053,1048
1295,758,66,-39,777,926,18,983,880,-9,-11,1004,1009
1190,680,92,-6,761,1110,3,702,1061,-14,-30,1004,864
1245,1055,99,-7,867,1006,21,566,822,-6,-36,807,1112
1134,1183,77,-10,907,736,19,502,967,-8,-7,1322,746
1180,1182,105,-28,421,1010,19,787,975,-5,-20,887,1220
1297,966,62,-25,857,1189,12,929,901,-5,-21,1055,1303
1297,742,81,-34,918,722,3,787,1030,-6,-20,1337,995
1193,1056,112,-10,937,766,15,628,937,-6,-14,758,911
1161,907,113,-30,403,1076,23,639,989,-13,-19,1155,1297
1216,898,118,-38,1012,856,2,649,1092,-1,-21,1047,1171
1114,905,82,-25,495,1153,6,559,922,-5,-38,1208,770
1211,977,83,-38,1139,1081,12,711,947,-7,-15,723,770
1115,858,65,-11,993,913,17,731,1266,-3,-29,808,1179
1267,894,67,-32,922,784,6,911,808,-5,-13,1047,1093
1320,1047,88,-15,829,870,24,508,1156,-6,-18,1033,1072
1322,1102,91,-44,607,1036,7,742,1145,-11,-31,965,724
1244,1190,106,-17,740,886,0,989,991,-3,-33,783,942
1258,784,116,-37,816,1070,24,571,821,-1,-15,1219,942
1127,1022,64,-34,1046,998,8,877,1107,-8,-42,893,939
1285,1006,112,-43,916,654,22,962,1224,-6,-32,732,790
1324,627,51,-37,482,771,24,705,858,-6,-21,1235,1030
1216,632,53,-19,554,666,18,940,1125,-6,-9,1161,685
1210,856,91,-17,1059,1015,11,879,1086,-15,-21,685,870
1217,749,75,-35,812,698,23,718,999,-3,-24,931,926
1288,960,43,-39,588,881,6,954,857,-13,-10,1126,1318
1302,966,117,-8,684,1169,4,627,872,-4,-19,796,1247
1324,1156,87,-43,437,886,15,935,1264,-8,-23,1134,1001
1282,992,117,-7,849,817,1,802,1271,-12,-9,1257,952
1344,766,108,-39,532,905,17,616,1096,-9,-18,818,772
1295,1004,118,-22,682,930,3,824,821,-11,-30,739,702
1150,996,90,-23,607,1050,18,599,1207,-15,-45,1157,675
1158,744,97,-33,570,1137,20,599,1035,-4,-44,1184,739
1128,1092,86,-22,591,1107,15,711,1245,-1,-45,1314,861
1337,720,118,-29,1120,1162,24,547,1089,-4,-26,937,995
1312,728,45,-29,1023,1014,20,883,1120,-6,-45,684,760
1304,1014,115,-32,894,703,16,534,826,-3,-38,878,781
1249,904,118,-13,905,853,23,513,1138,-2,-19,734,1068
1254,720,102,-7,748,771,3,788,1088,-14,-39,867,779
1160,693,111,-29,1033,1045,23,905,913,-11,-24,1311,1172
1228,791,59,-16,1015,887,13,745,1213,-9,-7,1214,1206
1183,1198,116,-29,597,694,13,517,1146,-14,-25,877,1143
1176,960,45,-12,969,662,9,685,909,-1,-43,709,1082
1103,1002,39,-14,440,680,10,561,1028,-2,-43,1249,1103
1198,756,77,-10,497,958,13,932,976,-14,-31,792,792
1311,744,45,-37,557,1050,8,946,1226,-1,-26,876,1182
1269,1066,96,-27,489,706,23,694,1100,-10,-24,960,1228
1305,791,117,-7,470,762,18,927,1162,-3,-24,1145,964
1239,1136,72,-23,1038,785,0,540,960,-7,-36,1080,1148
1324,781,70,-23,1013,934,23,581,1001,-5,-10,988,1138
1131,1064,68,-23,710,1113,24,657,1085,-14,-38,733,1086
1288,976,101,-11,796,1170,20,647,966,-5,-23,1012,1320
1141,1117,97,-6,1100,987,20,513,1108,-13,-19,889,890
1207,854,46,-26,492,938,15,620,829,-15,-19,1070,1199
1261,893,48,-39,1007,1115,21,678,1098,-2,-16,1276,1023
1243,1195,75,-45,931,1196,12,724,924,-14,-7,922,1282
1133,729,68,-13,565,1117,15,848,952,-1,-8,1320,861
1290,836,81,-32,1029,1146,22,877,1244,-11,-29,868,863
1294,761,68,-36,1098,805,14,734,996,-6,-8,799,1341
1199,758,100,-34,793,731,9,818,875,-15,-25,1297,967
1149,712,42,-31,543,802,5,507,840,-11,-21,655,1015
1273,1029,117,-25,607,948,7,695,1263,-11,-19,807,984
1188,954,70,-26,1100,845,17,524,1270,-6,-24,1171,1061
1271,1040,84,-41,597,950,15,850,834,-3,-17,830,829
1179,952,38,-20,1178,819,15,937,1002,-13,-33,759,744
1284,816,35,-11,692,702,0,671,1124,-5,-33,810,825
1154,720,87,-21,437,1167,2,742,1252,-8,-16,1236,875
1120,1039,58,-25,957,914,14,558,1112,-15,-27,982,1025
1206,779,84,-35,443,1022,15,876,813,-4,-11,1223,727
1119,941,80,-21,843,1127,2,781,981,-9,-39,852,1330
1251,891,110,-41,1150,1179,6,871,990,-5,-19,1077,710
1185,609,54,-23,573,758,13,727,878,-15,-8,1131,1004
1284,978,115,-27,510,851,4,959,1284,-9,-21,811,1343
1346,713,97,-29,582,1153,11,588,1088,-5,-17,874,828
1214,1105,37,-42,873,734,10,905,1251,-7,-7,1190,713
1132,970,112,-23,466,990,16,884,836,-4,-11,771,1227
1148,775,90,-16,930,1155,0,841,906,-4,-21,1109,1326
1325,687,79,-22,723,1110,21,501,1194,-13,-39,1108,726
1294,1133,66,-34,552,920,16,910,950,-14,-24,1254,1026
1262,759,97,-14,812,923,15,648,1114,-7,-7,1224,1314
1169,948,45,-9,889,679,23,798,1126,-10,-27,1100,1078
1175,933,64,-20,932,901,0,617,1274,-8,-34,1306,719
1175,767,94,-18,420,1067,20,939,1240,-10,-34,1236,926
1127,1043,44,-9,574,1077,11,502,1066,-12,-32,1340,1220
1266,1116,86,-44,1010,789,12,664,1071,-5,-45,650,1027
1164,720,75,-8,421,783,5,706,1213,-6,-30,1279,1124
1347,1139,40,-28,1172,1090,0,673,866,-4,-41,988,1023
1235,1000,35,-27,1184,857,24,669,865,-8,-43,748,1035
1184,653,118,-13,842,663,1,643,1104,-9,-29,658,1041
1222,1189,32,-28,514,688,16,504,946,-14,-31,1278,992
1119,932,117,-27,1168,765,23,621,873,-4,-31,960,711
1254,1060,32,-31,503,692,2,608,1123,-6,-28,910,1249
1205,791,92,-24,448,1074,11,826,1130,-9,-45,1271,795
1159,785,77,-40,854,1138,12,623,958,-6,-22,1193,1113
1305,632,83,-35,779,919,15,960,1247,-15,-42,1144,1231
1131,908,105,-19,1180,761,11,844,870,-9,-42,1010,1017
1127,1081,91,-42,613,1020,16,983,911,-6,-27,765,1054
1329,1143,107,-7,608,676,6,662,1293,-14,-19,863,1240
1256,1129,89,-34,498,908,5,865,1177,-7,-25,1022,940
1119,865,49,-44,1102,1150,6,788,1030,-14,-22,1012,735
1204,892,106,-20,1120,882,10,877,944,-5,-41,1105,656
1281,796,100,-33,1006,1040,5,754,841,-14,-6,1342,686
1257,1009,106,-20,1047,873,21,717,989,-5,-15,740,998
1343,888,112,-21,1131,1043,2,594,973,-13,-38,746,1128
1309,864,68,-31,774,864,8,677,1221,-9,-28,837,881
1313,1082,35,-33,556,688,24,695,890,-4,-39,1146,1003
1272,821,87,-36,604,712,14,534,885,-9,-26,1063,840
1111,918,49,-17,845,1133,10,715,869,-11,-13,700,1178
1142,1109,104,-15,798,678,19,926,829,-3,-26,1157,1263
1303,755,44,-44,549,932,21,546,1154,-5,-14,693,1290
1309,1086,40,-8,528,912,9,664,848,-13,-25,704,936
1240,656,30,-21,1157,797,19,912,1058,-7,-11,1290,1130
1201,792,63,-23,924,886,4,955,869,-5,-10,1019,1244
1320,1130,103,-8,644,870,9,873,867,-2,-36,956,790
1255,877,70,-27,1146,996,4,915,961,-8,-30,1275,1017
1150,1111,79,-36,1135,654,2,749,862,-10,-42,756,1279
1253,713,57,-14,536,821,19,606,868,-1,-8,963,1127
1251,918,101,-41,1044,685,6,739,1299,-15,-30,1192,804
1310,956,77,-8,519,1027,18,854,1212,-6,-34,698,1120
1317,748,98,-43,635,1195,1,878,1283,-2,-35,1180,1165
1259,1132,106,-12,489,1070,19,677,1037,-11,-15,690,1050
1116,640,109,-34,984,833,1,696,980,-5,-28,765,1137
1130,754,30,-11,497,1116,20,758,1210,-11,-28,714,779
1257,760,118,-13,1078,1029,14,574,1034,-11,-35,972,1234
1135,741,80,-26,1113,772,5,701,1126,-3,-22,1206,745
1335,1137,85,-8,868,871,15,973,857,-13,-8,916,751
1240,630,61,-44,779,959,19,922,963,-5,-11,712,651
1103,814,104,-8,1133,1117,17,971,955,-11,-28,1195,1103
1107,869,103,-15,983,811,19,652,1237,-15,-11,920,906
1165,728,49,-29,920,925,24,584,1041,-11,-43,907,993
1240,865,93,-33,650,997,8,711,1040,-13,-12,956,855
1109,940,90,-42,1183,697,11,868,1220,-9,-29,915,666
1144,948,118,-19,1000,1153,18,888,1160,-11,-32,666,880
1126,1099,44,-29,989,791,3,844,1033,-10,-12,866,695
1176,826,49,-34,1129,1049,6,592,1170,-10,-15,1045,763
1191,1076,58,-29,530,665,12,567,1095,-3,-35,957,1295
1122,864,115,-8,742,942,18,598,966,-6,-28,1168,1258
1312,1012,92,-20,1195,1125,0,608,1193,-7,-28,658,1104
1326,964,35,-34,1003,720,17,692,921,-14,-20,700,894
1115,1116,100,-35,438,810,6,994,862,-7,-9,968,816
1263,1055,51,-17,1047,974,21,932,801,-14,-6,650,747
1212,1004,37,-37,1155,887,2,692,1074,-15,-11,1104,1208
1158,902,62,-16,587,739,2,513,1192,-15,-9,750,1128
1122,754,57,-34,799,941,1,746,1199,-4,-7,1286,797
1294,789,119,-26,723,721,19,911,1047,-8,-19,769,816
1139,835,65,-38,708,708,20,786,833,-6,-33,1303,1344
1343,634,51,-21,586,707,9,991,868,-14,-42,997,1123
1133,644,81,-23,1122,1130,9,929,1146,-8,-10,1089,749
1324,659,57,-13,487,1131,20,556,962,-10,-26,727,1262
1167,747,62,-24,1036,1062,1,892,985,-9,-7,969,1335
1329,1071,69,-30,852,1147,0,855,843,-11,-23,860,705
1175,1158,92,-43,812,833,10,641,1167,-12,-22,1208,1139
1197,799,75,-39,928,780,23,851,916,-4,-11,773,1119
1232,1007,46,-43,488,1069,23,618,1037,-1,-42,1051,934
1234,942,85,-44,951,1052,0,772,1101,-13,-24,936,989
1139,914,63,-15,716,1021,23,585,1152,-10,-36,900,1112
1293,944,88,-41,518,1074,0,982,1045,-12,-10,678,837
1196,794,36,-29,523,773,18,581,1182,-14,-38,1208,864
1325,995,90,-31,795,1195,10,640,955,-1,-27,725,1007
1281,651,91,-20,1076,1088,5,835,873,-11,-40,913,666
1200,1095,76,-45,1059,958,4,637,938,-3,-39,819,1142
1256,708,39,-11,803,860,14,886,845,-13,-36,1278,1286
1192,1172,80,-24,486,886,16,676,847,-10,-35,665,1305
1107,1104,76,-36,1030,715,4,930,1054,-5,-12,1201,862
1237,961,106,-13,972,1171,21,540,1098,-8,-31,938,860
1240,1197,106,-30,860,806,18,743,1206,-12,-44,930,702
1174,1078,96,-25,548,1084,3,724,804,-2,-19,1132,1236
1217,607,31,-26,1108,660,14,895,1076,-1,-40,991,744
1140,810,88,-35,850,1033,24,760,836,-15,-21,1151,1220
1194,867,66,-34,724,1172,3,773,848,-10,-11,944,1244
1133,1166,78,-23,1060,1191,9,697,937,-14,-23,1038,884
1142,1059,58,-38,870,1166,15,751,1279,-15,-45,1346,938
1219,772,105,-31,839,1167,23,544,1261,-7,-45,736,1144
1126,721,83,-38,1019,1162,9,657,1134,-12,-39,710,981
1264,626,69,-12,804,897,0,532,888,-4,-22,855,750
1177,760,69,-32,578,1117,0,874,1182,-14,-7,1296,1183
1279,901,76,-22,654,874,24,566,952,-14,-10,1322,842
1243,645,75,-18,1038,1183,2,677,1048,-11,-25,1226,1169
1212,1071,56,-23,611,910,15,622,993,-6,-15,905,677
1168,839,58,-24,973,1065,4,857,1151,-8,-11,1184,786
1102,1022,100,-13,853,833,17,714,872,-6,-41,765,959
1323,832,67,-19,624,867,5,685,852,-4,-7,1050,1046
1166,1157,55,-16,657,1015,20,834,877,-9,-29,1238,1079
1154,604,108,-7,547,665,19,933,1171,-13,-39,654,731
1294,926,108,-28,1155,964,12,925,1261,-7,-36,1054,968
1210,1012,98,-43,468,687,20,846,1151,-6,-18,805,1155
1207,1179,109,-11,781,1077,23,955,1236,-12,-12,981,794
1296,922,71,-35,415,809,15,645,865,-5,-19,794,1061
1243,1071,32,-38,949,1040,12,715,1089,-5,-23,1151,1320
1283,767,84,-6,561,738,1,921,1130,-10,-22,923,1053
1212,816,58,-41,414,764,21,776,1173,-10,-13,1154,1312
1122,781,100,-34,931,1163,23,732,1213,-9,-8,831,1336
1263,765,34,-32,585,972,15,643,1275,-12,-31,1020,851
1293,1192,62,-18,1193,836,4,998,960,-3,-11,785,1229
1171,1106,40,-37,676,978,3,943,1278,-9,-16,1097,1110
1311,871,46,-21,509,1008,3,622,1144,-10,-39,743,1033
1160,1092,78,-13,461,876,12,958,928,-6,-24,1018,972
1337,1108,102,-17,604,886,5,899,926,-11,-44,738,1032
1204,644,81,-18,476,1030,14,702,1165,-7,-44,813,840
1112,1198,66,-38,1042,1164,18,736,1161,-11,-15,651,1086
1273,938,41,-20,866,856,2,685,801,-11,-8,1276,848
1111,724,44,-27,594,1037,14,863,1025,-8,-17,1293,1031
1136,799,45,-21,688,901,3,731,848,-5,-31,1259,839
1143,825,70,-7,929,706,16,898,1071,-9,-39,933,1020
1187,1041,71,-28,658,938,6,655,1024,-15,-15,1319,1215
1323,717,82,-24,810,734,5,917,918,-4,-15,1188,1273
1325,1015,85,-45,713,703,21,587,920,-13,-8,1169,881
1308,684,107,-28,1188,1094,13,750,998,-11,-28,709,934
1274,936,46,-44,952,850,10,997,992,-12,-21,843,1172
1278,906,60,-24,1175,1163,8,922,1234,-1,-35,1240,735
1131,616,32,-17,702,1149,11,725,970,-14,-20,1202,1241
1310,1074,88,-42,828,735,6,742,1103,-10,-30,1151,1004
1237,881,114,-26,474,896,21,521,1291,-9,-25,688,1142
1190,790,116,-31,644,1129,21,698,925,-2,-19,1032,1112
1163,633,105,-29,1190,1148,14,537,1299,-4,-9,1129,876
1130,800,75,-45,967,1118,9,882,1018,-15,-25,687,915
1100,1103,57,-32,1168,969,20,748,806,-5,-29,944,981
1111,912,89,-25,428,849,17,683,1132,-3,-25,780,1088
1183,761,101,-24,917,1032,21,592,1060,-4,-10,1011,1131
1138,985,47,-36,869,751,6,839,1088,-1,-19,1280,741
1329,1032,115,-12,773,731,4,974,1038,-12,-32,956,1017
1168,1170,110,-40,712,941,21,700,980,-11,-14,1085,1348
1141,665,118,-32,1132,1036,13,570,961,-14,-23,884,798
1295,728,69,-39,1032,796,22,746,894,-1,-38,1299,901
1136,942,74,-8,1055,690,12,659,1065,-6,-23,1320,1141
1182,822,110,-9,890,961,16,941,1169,-5,-44,781,816
1176,817,35,-17,685,811,16,807,1108,-9,-17,673,971
1151,686,102,-34,425,816,16,848,930,-10,-21,1261,1239
1130,789,49,-9,664,846,21,863,1299,-9,-34,1082,1102
1217,1074,53,-38,1061,799,24,613,1031,-10,-42,939,1023
1120,791,82,-29,523,948,15,891,935,-14,-10,995,774
1298,994,97,-9,651,848,11,726,946,-11,-22,1158,1061
1303,1147,47,-6,765,1165,3,510,803,-13,-33,898,1187
1116,754,58,-20,786,1091,14,764,1291,-3,-28,1262,680
1177,903,103,-31,830,1132,2,921,1276,-10,-38,1172,919
1222,649,38,-21,1076,666,7,761,1025,-10,-15,720,1118
1253,789,75,-27,970,894,18,613,942,-14,-6,691,1121
1137,1138,76,-31,643,703,8,504,1238,-13,-19,808,1102
1100,955,51,-30,562,835,10,916,971,-6,-14,1309,1155
1321,884,107,-34,916,1041,15,862,1106,-12,-40,680,832
1183,918,57,-30,847,779,14,781,1202,-3,-44,807,808
1130,995,111,-14,1165,1083,19,718,1067,-1,-11,720,1316
1300,617,78,-6,480,965,4,951,1119,-5,-15,1127,1215
1144,789,88,-34,599,1027,19,686,1251,-4,-40,1286,1349
1292,697,82,-36,584,997,20,845,842,-12,-26,785,1149
1281,908,89,-20,966,1151,22,742,1119,-13,-44,817,827
1290,760,45,-45,1198,1070,22,549,945,-14,-7,1162,1313
1114,953,72,-24,968,695,19,600,1215,-3,-35,1027,1057
1200,723,100,-19,507,1058,3,709,1003,-7,-32,688,852
1220,817,73,-28,901,755,21,698,1068,-13,-25,1039,651
1345,1150,99,-24,1083,1157,8,638,1066,-5,-32,725,1340
1110,975,81,-39,623,1090,19,519,893,-13,-39,893,1025
1342,611,45,-14,610,1069,6,655,1183,-13,-30,1183,753
1340,845,108,-22,1179,1009,0,745,1289,-5,-33,849,806
1158,1141,54,-36,919,1033,23,667,1144,-14,-40,780,1220
1228,1114,73,-16,673,712,15,941,1003,-15,-27,1295,1016
1222,775,74,-8,663,880,8,690,1197,-7,-29,761,1326
1120,1120,53,-18,1183,675,2,565,1013,-5,-30,884,1093
1108,785,102,-32,556,872,9,615,839,-5,-31,967,741
1331,946,100,-14,937,841,10,844,930,-15,-21,1106,1119
1147,1146,43,-43,860,937,6,737,1060,-2,-30,1260,1337
1259,1131,100,-45,612,653,22,799,1061,-13,-29,1346,1065
1113,648,85,-22,1002,871,4,718,998,-4,-37,1097,875
1328,1018,71,-14,1132,875,10,869,937,-3,-39,1005,1092
1237,833,34,-12,1070,996,20,578,855,-4,-41,870,1167
1240,627,104,-17,520,965,23,670,1139,-3,-7,1076,869
1268,1168,91,-18,924,659,19,573,1066,-3,-23,1229,898
1286,622,40,-33,431,1017,17,734,971,-14,-23,1219,955
1205,942,60,-17,481,775,9,966,888,-12,-33,701,1221
1273,815,108,-34,714,828,3,927,1154,-2,-17,1103,691
1327,895,55,-25,580,735,7,525,1169,-1,-41,1296,971
1281,840,115,-42,1133,1171,14,629,813,-13,-32,1006,1194
1183,1160,48,-36,972,960,18,908,1000,-8,-39,1211,829
1265,804,58,-19,1114,1165,19,725,935,-11,-27,963,729
1284,781,101,-42,687,1122,12,731,1252,-14,-43,1348,839
1120,835,74,-32,1185,1053,16,725,866,-2,-35,854,896
1130,829,91,-11,692,654,12,660,1152,-5,-34,1088,904
1187,668,52,-34,700,890,19,635,867,-15,-33,1330,1256
1179,668,44,-18,851,1011,6,567,859,-6,-36,1206,1149
1101,655,36,-13,690,756,23,903,804,-11,-45,1015,1086
1195,944,115,-14,428,977,22,748,1244,-12,-20,1215,1072
1209,1195,69,-8,640,1185,14,909,1100,-11,-12,885,737
1205,826,64,-41,537,969,21,958,930,-6,-19,1320,1267
1334,655,98,-35,823,1096,17,525,1150,-14,-13,1243,1296
1317,1094,35,-34,1109,837,0,878,942,-10,-19,1168,1104
1215,866,66,-31,1154,751,19,692,887,-15,-16,851,1131
1287,943,98,-19,934,845,20,861,1048,-5,-16,1040,1273
1201,1187,47,-42,1126,980,23,975,1105,-14,-43,746,1031
1311,1122,44,-31,439,1125,11,805,1028,-14,-26,913,772
1248,859,86,-38,718,1018,16,957,1292,-12,-26,1167,1179
1159,1121,31,-21,772,1084,2,783,1067,-9,-38,875,1209
1280,678,105,-42,894,1022,12,669,1279,-3,-45,814,1209
1117,959,52,-17,551,1136,2,888,828,-4,-35,1142,923
1110,1077,117,-41,401,727,16,773,971,-14,-42,905,811
1321,943,76,-26,1067,782,23,760,1061,-15,-8,957,869
1239,827,116,-28,1006,754,12,528,1028,-10,-45,686,964
1154,819,116,-28,924,711,11,841,1281,-8,-38,946,807
1123,864,93,-13,662,1045,5,592,808,-11,-44,1007,1103
1238,688,50,-7,471,1044,1,737,1156,-12,-41,854,952
1231,1119,49,-43,656,671,9,951,870,-12,-28,1203,945
1271,1050,102,-36,405,859,4,576,1146,-13,-37,758,1179
1178,1079,92,-27,738,827,3,888,1241,-14,-36,1342,904
1106,676,76,-25,1106,671,9,707,939,-2,-14,1101,1063
1169,1066,30,-40,575,784,0,667,886,-4,-38,963,915
1267,759,96,-39,769,1035,12,715,1259,-15,-35,725,948
1159,714,32,-28,1041,887,7,864,830,-4,-27,883,949
1159,785,67,-20,943,708,17,902,1259,-3,-6,689,1047
1139,1102,110,-38,593,1140,2,841,937,-2,-24,1123,1121
1227,1146,90,-14,927,1024,19,731,941,-15,-20,1122,1140
1218,649,116,-45,817,944,2,766,989,-7,-29,827,849
1225,623,71,-36,504,716,8,527,811,-1,-33,1080,1315
1302,704,42,-11,1114,922,18,991,1033,-10,-37,1257,909
1321,718,88,-25,552,750,0,709,1239,-5,-39,1055,916
1344,740,54,-19,866,895,24,620,1146,-13,-44,919,1215
1211,1038,112,-31,572,817,12,550,1149,-11,-21,1294,1069
1188,608,92,-36,731,933,13,808,1095,-3,-38,993,1018
1144,826,36,-32,824,751,10,816,871,-11,-31,956,1149
1148,828,53,-35,910,783,10,976,1193,-8,-16,821,1236
1344,1082,53,-25,738,1120,23,873,1234,-6,-34,1084,953
1172,1000,36,-25,412,1034,5,631,1002,-12,-45,763,732
1215,864,49,-26,768,671,0,910,1061,-3,-34,873,661
1170,880,51,-23,1141,743,3,784,944,-12,-16,1258,962
1223,649,45,-11,851,1026,16,779,1042,-1,-10,772,1038
1242,1156,32,-26,879,785,0,796,1252,-11,-30,841,933
1220,958,45,-25,759,1045,4,651,863,-13,-16,1117,986
1290,1190,70,-44,592,652,5,703,980,-13,-29,911,683
1128,1063,31,-38,1119,1068,8,821,1105,-11,-26,811,849
1163,804,63,-29,703,823,22,591,1260,-7,-35,1154,823
1198,845,111,-36,695,1152,11,760,1265,-8,-36,665,848
1243,868,81,-35,881,868,12,668,1128,-3,-28,1319,656
1219,627,81,-31,792,1091,15,745,857,-8,-16,771,1310
1240,1109,101,-40,403,1045,9,699,820,-11,-14,1066,920
1315,604,116,-16,874,1076,2,688,1164,-11,-41,748,956
1111,1181,36,-12,761,1058,21,852,1167,-11,-11,940,1087
1128,995,85,-20,934,895,5,865,1160,-14,-23,890,983
1238,939,64,-12,1174,714,4,664,1233,-1,-35,1233,1254
1209,962,31,-10,431,1138,3,826,1180,-12,-14,814,1181
1341,938,59,-38,1070,868,17,863,1111,-15,-39,1108,872
1229,1184,45,-42,798,922,8,609,980,-13,-11,1118,656
1276,1133,54,-17,618,1017,20,882,1029,-10,-33,760,658
1235,998,98,-17,1072,711,18,596,1202,-10,-20,856,1145
1162,1015,62,-17,969,1193,20,894,1094,-2,-33,723,1136
1124,604,99,-35,581,953,5,613,878,-5,-9,1264,1125
1269,651,106,-8,896,875,1,970,839,-5,-41,1148,661
1107,778,103,-7,1042,779,3,845,1122,-9,-45,873,729
1316,775,90,-37,959,1127,21,833,984,-4,-33,1227,800
1231,903,55,-13,803,912,12,510,1267,-11,-16,1123,1154
1210,1196,70,-34,1043,944,23,554,1101,-10,-22,939,669
1145,987,87,-20,1177,950,21,888,1282,-14,-8,1154,1193
1158,792,108,-40,414,935,6,627,1106,-13,-21,730,1259
1245,1042,57,-14,1184,964,21,605,1246,-1,-21,982,784
1154,656,81,-30,467,661,11,501,1295,-6,-28,719,1339
1128,1121,43,-11,457,1146,18,639,1113,-10,-28,870,694
1221,608,109,-35,961,1063,23,643,849,-15,-41,1234,794
1199,684,30,-24,974,712,11,806,886,-5,-25,1302,1341
1126,638,75,-18,832,652,18,691,976,-14,-37,989,704
1200,619,117,-45,667,1034,17,954,1194,-7,-6,1262,825
1187,1102,61,-12,481,836,7,735,839,-14,-45,774,924
1149,618,109,-22,436,995,17,874,1076,-9,-10,1067,1315
1108,775,65,-7,1004,1006,22,670,1169,-8,-10,1040,1283
1190,1140,33,-30,1114,788,7,662,1036,-11,-29,1089,1156
1225,771,84,-8,963,1079,3,900,1248,-1,-40,786,847
1278,614,76,-28,630,879,5,622,1100,-6,-16,970,1194
1344,789,102,-11,441,859,12,891,1172,-1,-16,844,1160
1139,625,114,-14,968,798,18,729,848,-13,-43,1257,1052
1235,995,45,-20,764,1150,3,944,959,-2,-9,937,917
1235,870,62,-18,443,993,3,516,842,-1,-41,804,804
1277,743,95,-35,475,1198,11,646,1178,-11,-34,1204,684
1241,950,35,-7,585,845,2,706,1120,-1,-45,1296,947
1306,833,92,-25,1054,657,20,720,842,-13,-35,1157,739
1246,784,63,-25,1005,1006,6,803,1040,-1,-15,968,817
1212,940,82,-39,921,920,24,740,859,-15,-45,1290,956
1204,609,33,-16,758,1142,3,970,1137,-13,-6,1241,752
1316,857,36,-13,622,750,10,945,1245,-2,-23,813,1328
1173,1108,96,-40,624,1085,13,878,845,-15,-34,844,996
1275,1077,105,-25,888,801,22,575,885,-10,-23,697,1068
1252,875,60,-20,955,1166,8,920,1124,-3,-18,691,996
1228,849,110,-43,1159,689,4,600,1205,-7,-44,1133,1126
1230,1079,77,-36,1064,762,21,678,934,-2,-45,885,1348
1102,1058,99,-39,708,725,14,926,997,-3,-15,883,679
1202,654,56,-22,446,1194,7,736,1167,-6,-30,651,756
1185,888,71,-10,714,744,5,809,1268,-4,-7,1082,1065
1310,878,113,-29,646,662,7,779,1170,-13,-35,676,669
1250,896,43,-23,739,841,14,811,1182,-4,-43,865,796
1229,787,80,-13,875,1169,2,611,896,-7,-20,964,1004
1221,633,70,-33,974,791,24,603,1082,-1,-22,736,935
1287,1133,64,-33,768,690,1,856,1283,-5,-11,1032,689
1261,959,109,-7,621,1102,23,753,875,-1,-29,789,936
1289,812,39,-14,560,999,24,667,996,-3,-23,997,811
1248,701,111,-21,741,1119,12,807,992,-15,-38,1069,1311
1307,907,67,-31,910,914,6,744,928,-14,-19,1245,974
1262,1183,46,-9,509,1167,3,621,1226,-13,-27,1139,1325
1224,923,69,-40,615,682,13,872,1077,-8,-17,802,993
1144,606,64,-36,668,935,5,909,878,-11,-13,888,1342
1249,943,47,-13,548,740,11,636,1130,-14,-45,1156,775
1233,722,37,-37,735,956,22,635,980,-8,-22,1275,996
1142,749,76,-44,507,1080,21,596,1055,-8,-22,1006,1076
1196,1063,50,-45,786,901,8,883,1167,-14,-9,1332,1173
1264,1100,109,-9,469,716,22,884,927,-2,-14,1308,964
1182,848,111,-28,976,731,14,615,1170,-6,-10,1127,715
1299,1138,89,-35,719,881,10,700,1289,-8,-45,1059,1029
1147,905,92,-11,705,782,17,617,834,-9,-9,959,910
1246,743,82,-23,492,843,12,668,1163,-5,-21,1131,1009
1321,1034,85,-35,514,721,23,697,1114,-8,-12,666,969
1277,1131,71,-34,565,1178,3,752,1018,-15,-41,1339,1286
1333,1183,59,-43,1107,837,18,820,1073,-8,-42,1216,679
1298,718,107,-22,425,977,13,955,1113,-1,-37,947,1147
1146,964,59,-14,545,1137,21,824,995,-13,-15,1221,889
1128,689,42,-28,961,1097,1,753,883,-9,-40,1289,1031
1328,1115,116,-19,737,1189,20,673,1283,-12,-11,1093,1269
1155,978,57,-18,906,653,18,682,992,-8,-44,845,1007
1275,786,106,-21,682,969,8,612,857,-9,-13,880,1315
1193,972,92,-43,559,824,13,562,943,-15,-29,1001,1155
1129,731,50,-18,1058,1146,0,754,868,-5,-22,994,995
1113,798,63,-9,989,702,0,834,911,-1,-6,1106,1342
1164,968,81,-24,1067,1079,11,753,829,-5,-39,871,1102
1267,1147,82,-8,1111,803,1,715,1299,-3,-41,661,789
1249,1140,119,-41,978,717,4,701,1228,-6,-21,807,1297
1108,931,30,-32,1158,755,5,797,1261,-5,-15,710,873
1274,1165,48,-7,1049,1178,10,530,1016,-12,-23,934,1002
1101,904,117,-27,991,810,9,826,958,-3,-37,963,800
1283,1142,109,-9,600,990,16,910,909,-14,-9,1234,1151
1279,764,33,-10,552,656,1,754,908,-6,-44,1125,652
1134,647,56,-16,1054,1189,4,713,1112,-5,-6,1300,1244
1160,1199,67,-38,781,1096,22,920,1241,-4,-44,794,1008
1305,1116,69,-19,734,664,6,527,866,-10,-41,1122,760
1284,959,46,-37,1176,1045,17,725,859,-5,-40,1148,663
1153,727,30,-43,615,1046,8,654,895,-6,-34,1256,890
1322,942,101,-45,683,996,19,546,1108,-5,-19,1180,1299
1143,941,84,-43,1057,757,14,595,856,-4,-14,939,887
1253,904,54,-45,406,848,24,598,1109,-3,-24,834,1252
1183,605,80,-36,820,1101,5,568,1265,-15,-25,778,1259
1151,1139,89,-11,444,738,15,986,801,-7,-35,1304,711
1291,810,77,-19,720,887,9,787,1133,-5,-23,1021,1270
1133,1050,62,-30,816,862,14,836,1121,-4,-10,1160,1175
1344,1183,114,-37,698,744,14,886,1197,-9,-9,1263,1041
1347,869,101,-42,798,789,16,821,808,-4,-29,1290,719
1126,775,51,-27,1028,860,23,951,1290,-13,-29,976,1056
1248,725,101,-32,1110,737,0,835,1155,-5,-20,768,900
1332,906,71,-30,1121,794,11,887,1226,-6,-31,1322,1155
1242,814,55,-30,1099,787,5,750,803,-2,-21,988,1256
1238,600,109,-40,449,681,0,581,940,-13,-9,764,864
1112,784,89,-15,913,960,10,632,1154,-8,-44,806,1127
1253,827,95,-19,931,1177,7,522,1236,-5,-20,1158,1016
1154,853,102,-18,988,899,14,828,984,-6,-12,1199,928
1292,601,87,-27,1129,1178,23,844,934,-15,-26,708,1025
1339,851,35,-25,1026,1161,21,722,1066,-5,-24,1225,813
1233,610,72,-30,540,845,0,674,1259,-2,-21,1188,749
1295,1008,43,-22,487,721,1,666,1068,-4,-21,1292,1022
1286,1101,98,-6,1079,1109,7,662,1045,-5,-26,752,731
1331,781,34,-25,600,1106,21,537,1252,-13,-44,1009,1146
1321,724,31,-16,968,1027,2,603,1208,-1,-41,691,930
1143,1196,40,-14,411,846,19,694,1235,-9,-7,1280,692
1141,681,56,-40,834,787,23,564,1121,-9,-11,1093,791
1119,809,97,-7,922,997,21,675,1284,-9,-13,1309,729
1155,1089,65,-12,543,1084,14,510,892,-8,-29,1005,779
1222,1038,74,-26,500,687,5,755,954,-4,-8,1175,999
1141,956,98,-41,589,1010,20,806,1163,-2,-14,1153,1337
1185,868,62,-23,480,1156,13,523,888,-13,-19,1043,1191
1172,974,97,-32,467,1133,22,515,1280,-14,-31,1252,899
1144,1197,68,-8,1082,947,24,627,1251,-7,-25,1275,1126
1171,957,35,-45,912,1038,0,653,915,-13,-8,932,877
1266,904,110,-10,615,1082,19,964,1144,-14,-10,871,1166
