1257,606,1178,-4,-28,1161,997,1067,51,-33,409,810,6
1154,500,1213,-14,-6,1066,774,987,75,-16,629,760,17
1287,850,850,-1,-25,878,1124,740,43,-26,670,791,4
1278,544,1183,-1,-37,621,692,1314,102,-28,687,1128,4
1160,684,853,-11,-21,995,847,1023,54,-33,642,931,17
1108,599,1013,-8,-12,915,719,928,105,-26,560,837,8
1293,633,821,-7,-37,1063,955,1137,76,-39,620,861,12
1109,847,1163,-8,-24,912,1017,900,107,-11,532,1077,18
1264,930,855,-3,-23,1088,698,921,45,-7,1163,850,16
1213,851,1052,-3,-29,983,773,767,30,-10,419,754,14
1338,752,1227,-4,-43,827,1121,1041,34,-38,879,1001,21
1175,666,1292,-11,-37,677,1213,1328,65,-39,721,1026,10
1186,557,1009,-8,-36,761,937,833,43,-25,1043,1023,9
1149,809,983,-8,-9,1132,1210,902,85,-5,531,1016,13
1335,709,1268,-12,-40,673,886,772,51,-14,857,1169,5
1100,936,807,-4,-17,825,1282,1262,95,-36,1016,1191,15
1312,849,1055,0,-14,626,990,1066,79,-27,1036,697,22
1131,586,1190,-6,-19,739,1002,1276,77,-39,1153,698,10
1106,804,949,0,-5,947,799,803,112,-13,998,772,0
1309,775,888,-13,-7,880,764,1294,43,-22,1072,1176,18
1162,746,1055,-12,-5,786,1052,1210,119,-14,586,1096,24
1242,519,902,-11,-18,784,853,1079,94,-35,595,754,23
1303,762,1163,-12,-9,1052,991,1308,112,-41,448,672,9
1180,631,1187,-2,-39,948,731,1251,42,-26,935,1009,2
1174,730,860,0,-41,1151,780,1301,39,-5,455,1152,14
1144,597,1052,-7,-38,1000,955,1201,117,-17,990,740,1
1321,891,1139,-13,-18,847,1255,1309,85,-39,591,1176,6
1152,654,821,-13,-11,1062,1078,1347,106,-20,698,1141,22
1344,752,1225,-8,-8,1119,817,862,44,-40,834,921,2
1314,721,1242,-8,-41,683,702,1220,64,-34,900,1063,23
1166,598,867,0,-32,935,1345,1205,31,-12,692,932,8
1346,521,1208,-2,-12,616,818,1337,106,-43,907,1083,20
1185,997,1231,0,-28,612,947,1077,51,-11,1150,895,11
1146,622,850,-12,-20,1028,866,722,92,-40,959,962,8
1286,845,1257,-3,-11,1186,765,1325,111,-29,1098,811,15
1179,843,1160,-12,-42,989,898,1264,52,-14,568,664,0
1170,722,941,-1,-15,689,874,1017,81,-10,757,823,20
1208,708,933,-5,-27,711,870,1122,66,-7,982,830,7
1294,929,1116,-3,-14,867,677,779,58,-14,795,1128,7
1299,744,1169,-7,-21,638,948,1324,75,-17,778,730,15
1298,664,1190,-6,-41,1175,657,1012,30,-19,786,955,7
1298,822,1104,-4,-31,841,847,870,95,-13,987,717,15
1146,733,818,-14,-36,1041,1346,662,77,-28,1056,982,24
1145,787,809,-10,-36,861,1114,902,79,-8,833,817,19
1322,767,1251,-7,-37,871,1315,688,105,-36,931,652,15
1191,666,817,-2,-38,737,743,896,102,-10,453,662,23
1247,982,1167,-2,-29,1015,739,1200,72,-41,584,1061,10
1264,666,1139,0,-32,612,1209,1262,99,-14,814,845,24
1119,541,828,-7,-22,1152,1076,1259,97,-26,883,871,17
1115,610,815,-8,-33,678,1044,976,101,-14,409,1000,6
1197,858,1024,-8,-40,955,847,1333,75,-37,877,809,5
1136,769,1211,-11,-39,891,1203,792,51,-24,730,1168,12
1207,859,1137,-2,-41,927,954,1342,61,-31,442,796,23
1121,786,1071,-5,-5,1136,1213,883,114,-31,959,1144,21
1157,736,1196,0,-40,684,1279,962,52,-35,727,1020,5
1120,989,972,-4,-35,925,922,959,103,-39,461,1068,21
1243,534,961,0,-44,932,750,939,34,-29,1104,874,24
1333,592,904,-9,-15,896,1116,725,30,-31,407,1142,23
1225,886,995,-2,-22,1142,1339,1131,53,-22,703,692,21
1319,976,928,-8,-39,980,972,748,46,-7,871,1184,10
1158,864,1049,-8,-41,848,1290,1076,44,-44,911,936,0
1134,934,1292,-3,-18,951,971,870,96,-39,595,1067,24
1172,996,836,0,-11,821,1269,1266,45,-30,695,853,21
1189,739,943,-8,-8,983,1030,988,46,-43,1089,1033,17
1179,969,896,-8,-25,606,784,1072,93,-12,705,1090,6
1298,678,910,-10,-32,1153,1057,827,42,-31,919,721,10
1141,918,1161,-6,-30,734,778,734,53,-7,813,776,8
1160,522,895,-14,-24,1097,796,1161,117,-9,987,970,9
1211,642,1173,-8,-22,914,974,973,86,-33,406,908,1
1169,886,1203,0,-44,708,1279,1127,94,-9,683,951,10
1273,975,1274,-6,-21,699,652,854,73,-30,1143,1074,16
1177,663,1114,-13,-30,780,657,929,109,-6,408,862,3
1189,847,1261,-11,-36,629,1013,903,94,-23,483,763,15
1217,927,1088,-2,-15,674,900,758,42,-44,1078,1190,17
1162,788,1155,-7,-42,801,711,1194,61,-33,677,1094,8
1201,604,1131,-2,-19,1031,1204,1003,107,-17,862,907,16
1287,707,1243,-6,-34,827,1233,992,89,-20,1130,1011,10
1290,502,839,-14,-28,734,1190,1174,48,-37,705,1113,17
1217,989,1124,-9,-25,646,1008,742,47,-28,738,721,16
1121,624,1230,-12,-42,631,1269,691,35,-11,928,899,6
1107,501,882,-10,-21,733,746,1183,65,-29,897,925,22
1230,874,986,-11,-44,826,980,1103,89,-29,699,1138,6
1105,909,1137,-9,-10,1011,1238,778,68,-10,867,1158,15
1344,696,939,-3,-42,824,739,1104,78,-34,400,1045,0
1250,509,965,-5,-30,808,995,1073,63,-34,890,1034,13
1161,991,914,-7,-37,980,1117,1171,56,-8,687,1117,1
1132,747,1150,-13,-44,850,794,1297,74,-18,1096,1187,22
1177,625,947,-10,-21,1146,799,1202,56,-40,890,1163,4
1181,563,893,-7,-13,892,1282,897,93,-11,442,965,10
1229,813,1002,-2,-33,1146,667,933,88,-17,717,1088,15
1335,969,1117,-6,-24,1106,1307,1348,31,-21,1085,1126,6
1300,626,1166,-11,-42,998,971,928,97,-17,834,703,5
1212,808,908,-1,-11,631,942,699,74,-31,639,1166,7
1125,640,1283,-3,-44,603,938,712,57,-42,1140,1125,4
1339,979,1019,-4,-22,852,665,1301,71,-43,862,786,20
1192,957,846,0,-9,852,1206,1206,76,-13,496,800,9
1117,973,1184,-13,-10,1019,1194,722,60,-6,1189,1080,7
1160,971,1268,-3,-25,795,990,895,106,-39,437,1041,12
1223,756,835,-10,-10,1109,788,996,72,-6,791,1147,5
1115,954,997,-12,-39,1041,661,978,58,-34,427,667,5
1266,891,963,-14,-14,1121,1140,1315,57,-40,930,926,6
1253,811,826,-10,-30,615,1340,1330,39,-22,581,884,18
1324,887,1164,-2,-22,600,899,1171,88,-36,663,899,20
1246,675,950,0,-35,808,752,1341,89,-15,1033,734,10
1151,646,837,-12,-33,926,1116,1085,33,-25,707,1001,24
1320,798,1025,-14,-39,847,1135,736,112,-20,1151,715,22
1214,790,872,-14,-19,1081,1011,1248,112,-23,950,806,1
1110,811,819,-9,-8,759,711,1216,38,-39,1163,929,10
1213,864,1122,-3,-24,925,1143,1196,49,-39,600,713,15
1316,922,1098,-1,-7,1109,886,906,42,-27,830,855,2
1216,931,1272,-5,-42,874,1016,872,61,-14,1186,721,18
1203,777,801,-8,-9,903,1162,1046,68,-20,895,663,21
1195,837,826,-1,-25,1012,1096,919,117,-14,1022,977,16
1172,773,1215,-12,-43,1134,1137,979,76,-39,1102,1086,9
1179,594,931,-8,-39,937,1137,967,34,-14,669,1125,5
1310,889,823,-12,-19,1064,909,759,84,-42,446,728,24
1213,753,927,-2,-30,1125,1093,992,33,-7,1010,1065,16
1232,859,840,-12,-18,928,1037,1169,54,-15,411,786,9
1251,921,888,-3,-9,1168,1033,824,41,-25,950,725,12
1207,611,1212,-12,-17,996,921,1053,114,-25,788,1111,5
1271,817,865,-10,-28,874,995,982,118,-26,648,661,12
1317,804,1055,-3,-7,884,889,709,62,-28,1058,912,13
1126,800,1285,-9,-29,826,991,979,106,-27,495,921,8
1298,786,1075,-5,-14,907,929,1159,30,-14,835,1125,21
1127,577,825,0,-21,880,1048,1019,35,-40,605,738,0
1267,745,1251,-6,-29,670,1038,760,85,-28,726,1060,7
1156,629,1246,-11,-27,922,1007,690,63,-16,1058,716,8
1244,935,944,0,-24,961,1346,998,113,-29,1166,997,8
1115,618,1217,-13,-8,858,1133,923,109,-6,694,718,19
1333,714,1055,-14,-33,849,666,1088,86,-39,733,1061,10
1237,858,806,-11,-16,676,1115,1136,113,-11,715,985,9
1188,945,964,-14,-39,1142,798,948,103,-20,702,1081,8
1344,886,817,-4,-16,1186,1324,885,57,-36,686,989,19
1293,786,945,-9,-12,1084,935,1250,37,-20,738,757,9
1191,745,1278,-4,-42,836,904,1011,84,-18,640,708,5
1240,860,907,-10,-30,962,1045,921,34,-6,440,722,10
1107,928,1060,-5,-23,914,1145,790,85,-7,1086,1155,20
1134,884,1012,-10,-25,1012,661,768,113,-22,716,923,11
1334,574,1287,-8,-22,1154,1138,1314,56,-32,669,795,23
1134,500,1014,-3,-8,664,667,703,68,-34,743,829,8
1238,905,840,-6,-21,664,1179,807,48,-20,1133,1172,0
1109,907,1113,-2,-26,830,938,1178,58,-14,1107,791,3
1105,722,1182,0,-33,962,1220,1050,41,-38,1129,874,14
1200,692,1139,-5,-20,727,854,1127,46,-24,653,760,13
1339,867,1086,-14,-9,600,1196,945,50,-33,430,1044,0
1237,985,1171,-9,-9,975,728,706,60,-24,786,991,22
1232,567,1222,-11,-15,1168,1228,1053,96,-7,906,1042,2
1274,913,1082,-14,-16,651,779,1321,95,-12,728,990,16
1324,534,1145,-14,-11,792,804,1048,44,-19,1152,1086,16
1167,990,1133,-11,-15,1167,1107,979,118,-39,508,846,22
1233,594,1213,-14,-33,923,1075,666,77,-13,602,875,12
1238,519,1191,-6,-33,1198,1275,1044,72,-20,447,724,18
1290,565,1264,-10,-19,1042,1245,1035,73,-35,917,706,2
1153,533,1290,-3,-32,628,1333,1038,31,-13,1190,848,20
1106,559,876,-14,-17,1013,1202,909,88,-23,1063,724,15
1132,759,1008,-8,-20,793,877,1113,105,-11,789,829,17
1211,565,1140,-2,-43,678,861,1276,40,-25,554,914,13
1336,690,816,-13,-34,1015,698,1190,41,-9,1081,1093,0
1276,742,863,-13,-26,669,1032,1104,80,-14,579,969,9
1159,892,978,-11,-18,765,710,1128,68,-9,1030,664,12
1266,836,1125,-8,-32,1084,1157,1051,110,-14,402,783,20
1142,697,1274,-6,-32,881,1160,1202,75,-11,701,667,17
1110,517,985,0,-11,954,653,887,110,-41,626,905,15
1282,763,827,-7,-15,660,1022,1006,111,-21,1156,1095,12
1118,761,1072,-1,-22,669,871,823,59,-28,660,990,22
1244,968,1182,-3,-42,635,1256,1156,72,-43,595,815,9
1144,588,1036,-10,-44,967,1101,954,78,-36,591,664,4
1296,573,1287,-6,-44,1195,1170,1315,105,-32,762,913,11
1217,737,1066,-1,-30,871,1328,949,101,-7,852,1158,22
1138,756,1026,-11,-37,846,1034,961,72,-12,1143,1083,8
1272,838,1153,-10,-21,1056,1145,823,62,-40,491,1190,16
1135,989,867,-13,-8,1174,715,1006,54,-23,909,1137,6
1184,935,1121,-8,-27,940,1017,1090,94,-24,1123,910,22
1289,805,986,-11,-11,1055,1258,848,89,-40,849,676,14
1157,590,804,-13,-22,658,1126,1150,87,-23,720,750,0
1257,585,807,-8,-7,637,758,1065,90,-16,627,774,9
1268,588,835,-4,-29,1077,1241,1096,43,-9,759,937,13
1132,891,1080,-2,-23,788,674,936,30,-24,972,968,21
1295,547,831,-7,-44,821,1296,1219,98,-18,844,738,21
1195,502,1290,-13,-42,1120,956,1020,38,-34,664,713,3
1248,845,1063,-8,-13,630,1262,842,111,-29,728,853,18
1285,672,1048,-12,-7,949,1260,1113,100,-29,1090,1002,2
1204,725,942,-1,-16,1118,1017,785,34,-11,1149,918,5
1313,878,1069,-1,-18,914,1142,893,67,-42,1081,701,24
1175,769,917,-5,-13,820,1062,674,118,-29,405,655,6
1256,614,867,-4,-9,1148,1012,1349,67,-21,808,952,6
1201,786,923,-2,-41,654,873,1191,112,-10,501,1167,7
1130,820,932,-8,-38,1080,935,968,67,-44,642,1195,8
1235,570,1277,0,-19,818,708,1152,39,-20,719,778,4
1112,938,1249,0,-20,946,974,1043,36,-38,774,802,21
1232,883,1262,-11,-30,703,1248,1246,37,-30,836,973,9
1296,775,1298,-7,-44,928,851,670,93,-19,1096,1160,4
1279,719,925,-13,-17,1038,700,717,68,-12,914,1062,5
1294,739,1066,-12,-14,1088,1229,916,55,-36,520,710,2
1185,555,960,-1,-13,693,1189,768,34,-14,770,968,22
1230,724,956,-4,-34,741,880,931,40,-19,959,764,18
1149,543,870,-12,-13,604,1292,1295,60,-17,1084,958,16
1208,599,1025,-7,-10,1055,838,817,89,-9,537,753,19
1290,950,1084,-2,-24,816,1180,803,93,-19,841,667,0
1296,774,873,-8,-13,725,1050,1130,117,-20,883,905,2
1259,912,832,-7,-36,618,916,685,67,-5,644,1087,15
1243,789,1035,-8,-42,797,1190,1084,77,-29,911,1045,3
1184,524,1214,-12,-11,1073,896,1067,90,-38,501,1128,21
1113,759,1060,-13,-44,974,1206,1178,107,-8,1117,1031,11
1248,529,946,0,-37,731,651,1206,39,-41,867,928,6
1338,964,1197,-7,-28,688,1168,826,56,-9,958,1136,18
1207,661,1083,-6,-33,877,1013,887,43,-15,1112,1011,14
1125,751,932,-3,-17,904,941,1283,65,-7,608,924,24
1265,693,973,-9,-12,1043,710,743,103,-24,1138,1061,9
1346,540,1065,-7,-13,1019,818,1069,116,-30,828,952,2
1162,853,1041,-3,-21,1166,856,860,51,-25,984,1081,15
1228,767,1290,-9,-17,852,1022,1287,75,-19,581,722,8
1305,801,916,-7,-5,1118,746,911,109,-22,693,1175,5
1230,704,911,-8,-31,910,672,964,114,-41,788,767,20
1331,866,1268,-7,-37,1173,1137,1210,55,-27,824,855,12
1102,622,1091,-5,-29,622,1340,1155,118,-33,755,1156,2
1339,991,1041,-13,-12,861,862,874,114,-29,965,656,2
1231,599,1040,-12,-23,746,1132,725,119,-26,795,818,13
1181,763,1195,-4,-35,1050,719,1290,64,-28,421,745,19
1228,632,1141,-1,-37,832,1029,1324,114,-10,561,1076,4
1149,664,1289,-5,-30,1068,762,667,81,-14,407,1150,9
1185,545,1008,-10,-13,783,1010,652,68,-5,593,690,4
1159,683,962,-2,-15,792,1284,1243,73,-20,403,1137,20
1117,927,999,-13,-16,952,835,992,93,-10,475,836,1
1315,935,1121,0,-29,1141,1325,1009,102,-41,1025,653,19
1291,543,1098,-13,-36,787,871,720,93,-14,509,864,6
1166,625,1198,-2,-35,960,877,1269,32,-13,627,803,21
1331,836,1259,-11,-26,1120,1086,1205,102,-19,486,914,13
1192,768,1049,-1,-22,921,1144,1137,63,-25,1190,1028,2
1101,730,1050,-12,-14,628,1272,668,37,-28,977,1160,13
1200,577,903,0,-42,1002,1078,1230,51,-16,829,884,9
1153,605,1110,-6,-28,1155,956,1349,42,-42,1149,685,2
1100,847,1214,-9,-10,1072,956,832,35,-41,570,1198,21
1281,829,1116,-8,-28,859,1097,894,74,-22,1045,860,17
1177,753,1071,-9,-11,1031,978,708,102,-14,563,836,0
1188,562,806,-6,-10,1024,1080,1253,83,-44,422,688,8
1153,533,1291,0,-6,908,1081,708,65,-22,775,1005,17
1140,809,915,-1,-26,985,904,1187,96,-30,923,982,15
1191,538,959,0,-9,1038,679,1029,109,-43,626,1043,18
1189,938,1159,-7,-5,658,912,1044,86,-36,837,796,14
1190,883,1247,-1,-21,1181,1064,657,45,-44,841,1146,18
1142,674,1291,0,-16,1043,1321,1217,111,-31,1025,1047,13
1107,552,967,-2,-5,1186,1089,1326,107,-12,1126,986,6
1144,790,1265,-8,-29,656,1157,830,54,-32,479,807,9
1183,815,920,-10,-12,1029,1079,1005,40,-28,834,1158,23
1103,851,843,-8,-10,892,1093,888,42,-43,488,700,0
1248,526,854,-14,-34,927,1054,997,67,-38,1084,848,0
1144,881,804,-7,-12,977,686,696,35,-19,905,1181,20
1283,930,1200,-4,-43,1136,1130,698,42,-36,784,1013,10
1134,687,1220,-7,-30,718,1327,686,88,-31,583,1143,10
1308,542,1163,-12,-44,862,687,710,46,-6,1092,1153,19
1178,701,1282,-10,-19,663,932,1103,106,-43,707,736,4
1198,963,1298,-8,-30,772,1200,1245,43,-34,1001,1057,18
1163,963,1269,0,-27,1052,1255,952,70,-20,462,1161,2
1269,764,1233,-13,-25,1095,854,907,46,-33,684,850,7
1240,670,926,-12,-20,818,1118,836,101,-8,792,1065,10
1244,984,1232,-13,-40,632,706,740,116,-26,469,1045,21
1317,653,986,-13,-19,1014,1046,1014,89,-30,1192,671,13
1312,919,957,-6,-44,794,1223,1148,55,-33,918,1052,20
1236,821,1023,-7,-14,648,757,704,81,-21,1059,968,5
1187,970,1016,-4,-15,659,1241,832,82,-30,996,890,21
1315,715,971,-8,-14,694,926,746,45,-42,435,1022,16
1249,722,1031,-5,-43,830,1162,911,87,-21,620,945,5
1267,922,1241,-6,-40,624,864,1096,54,-23,888,1111,18
1175,880,1220,-4,-43,942,1109,756,60,-40,1112,927,2
1264,585,1243,-4,-19,787,1010,748,89,-36,627,1067,8
1170,534,1036,-12,-37,1153,1281,1218,94,-28,1136,863,22
1235,817,938,-6,-14,739,742,1204,70,-18,1136,759,15
1227,527,1298,-4,-32,914,753,725,56,-6,641,820,20
1140,696,1106,-8,-23,931,656,975,80,-18,437,824,12
1311,950,1055,-3,-40,737,1289,661,76,-41,583,690,2
1227,839,1164,-1,-22,760,708,1237,86,-5,419,1139,17
1123,611,991,-1,-15,1031,751,973,104,-30,1170,1158,18
1215,798,837,-2,-16,969,715,1317,37,-25,635,1028,0
1321,646,1274,-7,-42,781,1325,1088,64,-6,496,915,14
1167,694,888,-3,-35,1161,1049,1282,84,-35,820,741,18
1290,636,906,-4,-5,1179,1056,1027,77,-5,468,987,13
1248,565,1250,-6,-39,821,1285,874,110,-14,1172,923,11
1259,961,815,-5,-36,727,1160,1336,52,-32,1008,862,10
1298,531,935,-14,-41,754,1290,1238,60,-31,684,1083,11
1284,990,1067,-1,-36,942,680,1244,44,-24,850,1160,12
1162,591,1146,-8,-38,816,780,691,75,-33,864,1189,6
1307,619,937,-3,-42,1086,704,854,101,-41,978,1132,14
1189,995,1007,-11,-41,735,1297,1288,48,-26,624,1038,18
1193,961,1268,-14,-17,1124,855,1325,111,-9,984,779,16
1164,754,1240,-1,-13,1162,768,668,35,-26,886,1053,22
1341,817,1029,-3,-5,948,1152,1127,85,-32,917,785,14
1255,792,1122,0,-28,886,1087,753,104,-18,737,1119,13
1214,666,821,-5,-11,1005,769,719,80,-17,744,1125,18
1225,635,1193,-3,-33,876,799,993,60,-28,1100,900,15
1142,530,1203,-6,-13,1132,1244,1218,31,-43,662,761,9
1183,698,933,-2,-34,968,1161,953,93,-38,990,710,19
1212,625,902,-14,-17,766,1060,904,38,-24,699,1101,1
1110,658,1265,-8,-8,743,978,1057,34,-17,1027,992,8
1292,689,891,-13,-40,665,968,1061,36,-40,530,1142,1
1236,529,1094,-11,-15,929,1009,1218,108,-25,759,795,4
1273,807,1185,-2,-27,1006,855,759,73,-43,941,828,14
1327,936,1291,-6,-8,1039,965,1052,87,-43,801,879,16
1204,752,1255,-12,-32,845,873,1170,68,-16,636,1026,8
1268,891,1060,-6,-31,657,995,1001,92,-43,665,724,14
1295,567,1280,-5,-19,881,1171,971,118,-15,936,743,19
1207,893,890,-5,-17,920,1097,1158,41,-23,549,1015,6
1167,580,1060,-4,-8,1141,1042,1117,60,-27,961,719,17
1166,580,1267,-4,-17,961,1038,1309,32,-29,658,856,12
1179,879,973,-4,-29,775,1113,1209,47,-33,1163,994,22
1124,564,898,0,-38,914,930,1165,35,-14,1005,1152,2
1291,908,945,-2,-10,931,1068,851,79,-22,559,837,11
1223,922,1190,-11,-13,799,1068,980,107,-40,627,1052,9
1316,785,868,-3,-37,1184,1348,1241,45,-33,1069,665,24
1114,573,830,-10,-35,1067,1025,1241,63,-38,1193,717,10
1185,838,1165,-13,-41,1139,778,731,115,-15,599,1124,17
1270,624,1217,-1,-21,930,1091,658,117,-41,1106,800,8
1275,766,1094,-3,-27,752,1270,1234,66,-25,462,849,22
1244,977,1285,-2,-20,1159,1002,1278,59,-13,725,985,1
1182,504,1064,-10,-32,637,1102,652,61,-10,762,763,8
1247,564,1140,-9,-7,615,688,1065,98,-24,594,1042,18
1157,518,1092,-12,-33,984,1178,1154,32,-27,891,758,10
1308,758,925,-6,-5,990,859,1028,66,-43,832,1039,23
1211,631,1198,0,-28,1134,758,1279,80,-8,501,1055,9
1287,513,873,-2,-29,743,927,1313,104,-30,1104,703,21
1315,988,1102,-9,-27,704,1015,1332,31,-13,584,1020,11
1311,674,861,-2,-14,1064,1228,665,52,-32,793,848,11
1330,518,1098,-6,-17,738,1279,733,93,-22,426,679,15
1195,923,834,-9,-22,1022,683,699,89,-29,1149,785,10
1318,633,829,-8,-43,1058,1278,1104,82,-21,912,1039,2
1264,867,960,-5,-25,681,1006,831,96,-31,870,727,6
1240,674,1243,-6,-16,619,1072,1303,95,-10,744,1024,24
1182,695,992,-12,-42,644,1339,1122,109,-40,405,704,0
1119,565,1114,-4,-28,1074,1302,1057,109,-36,892,842,6
1211,550,989,-11,-41,938,674,1282,33,-25,420,762,13
1125,639,960,-3,-13,628,1167,894,37,-12,1145,823,12
1209,605,1256,-2,-38,882,726,1123,93,-30,904,1182,15
1250,731,1185,-1,-13,1132,880,1273,89,-13,603,910,22
1315,541,1222,-2,-10,1098,936,676,73,-34,885,1176,14
1241,914,1127,-2,-23,856,837,1217,66,-25,480,920,2
1168,871,1239,0,-20,898,1177,729,51,-28,1045,691,14
1126,992,998,-14,-14,939,884,923,52,-34,1170,882,15
1292,998,1136,0,-27,792,840,1213,52,-13,1067,1053,23
1104,896,1072,0,-43,896,836,1108,57,-31,444,1035,15
1157,775,1157,-3,-38,640,1302,813,70,-29,1015,753,9
1284,907,1056,-2,-31,938,680,1204,115,-41,803,769,8
1307,801,951,-11,-35,1022,877,1182,39,-22,699,1010,19
1339,946,1253,-2,-19,805,1114,1160,104,-22,519,1127,11
1210,860,1282,-3,-25,1003,702,731,90,-11,1098,1074,20
1347,866,816,0,-17,733,1216,985,103,-29,810,1137,7
1145,813,1036,0,-44,634,1141,749,104,-19,427,671,14
1324,628,1260,-4,-28,636,902,675,110,-38,716,660,22
1107,940,828,-4,-32,1048,894,1020,40,-9,833,1126,3
1181,863,1071,-7,-20,921,680,985,91,-34,1059,920,2
1285,804,1270,0,-41,720,1281,834,62,-40,808,692,2
1329,709,863,0,-10,721,782,1063,76,-7,855,1054,19
1133,613,1146,-10,-13,718,1152,1234,47,-28,836,926,4
1205,997,1048,-2,-27,802,1066,1340,110,-37,901,1014,19
1180,608,1198,-2,-6,815,1233,1263,36,-34,1151,1070,8
1161,844,1143,-4,-32,799,796,972,50,-10,494,886,4
1256,830,1217,-6,-12,678,799,1056,68,-15,521,904,20
1332,861,1199,-2,-16,752,864,725,48,-20,965,1065,5
1152,903,985,-4,-12,858,825,798,59,-7,1133,1049,4
1108,617,1063,-10,-24,693,1289,1209,101,-6,959,874,20
1110,865,864,-14,-38,1190,1135,1241,90,-31,618,1033,6
1146,715,989,-1,-41,753,970,1038,50,-40,832,920,8
1238,789,944,-12,-20,1175,911,715,73,-19,1173,1114,15
1301,587,1288,-5,-24,943,1282,1018,51,-22,665,699,1
1253,541,920,-4,-5,719,1239,692,57,-22,719,794,0
1177,809,1141,-6,-32,1048,841,783,53,-42,492,1185,21
1109,835,1225,-14,-30,1117,1332,837,31,-13,693,1048,11
1294,861,880,-9,-38,751,1140,1342,74,-26,629,715,14
1326,564,1032,-3,-21,993,686,987,66,-33,910,715,0
1246,660,867,-6,-9,800,1318,796,31,-30,1014,992,20
1308,574,1136,-10,-31,628,855,1089,51,-43,732,940,1
1184,698,978,-13,-8,1060,1192,954,53,-32,445,971,11
1257,684,1089,-2,-24,757,1216,806,70,-12,1071,800,19
1261,768,973,-2,-6,1032,1146,878,86,-41,628,920,0
1349,641,1094,-4,-18,807,666,1165,77,-24,994,777,7
1308,567,1222,-1,-29,1191,1116,1031,92,-12,721,1082,20
1326,897,852,-9,-11,925,1102,870,79,-26,993,655,11
1272,506,1240,-4,-11,1115,933,1145,73,-12,1026,704,9
1322,722,1232,-7,-11,680,1126,1227,54,-5,811,882,24
1290,526,902,-8,-30,612,938,1232,72,-34,622,866,23
1145,865,937,-8,-13,651,697,807,78,-35,1001,1195,20
1318,655,1193,-12,-16,1088,972,1002,31,-7,955,827,5
1174,643,1020,-3,-32,1098,1259,728,66,-44,1108,1016,3
1310,942,813,-1,-6,795,1184,1051,73,-35,627,1123,22
1212,842,854,-3,-41,1139,784,866,112,-15,1077,1160,3
1270,727,1038,-1,-6,1042,906,1003,65,-14,509,669,24
1195,575,1165,-10,-18,746,909,1205,86,-44,507,970,0
1304,784,1139,-5,-6,956,1206,840,46,-32,488,965,5
1221,927,1141,-11,-19,972,925,1085,76,-31,601,716,5
1212,783,814,0,-33,632,1284,683,48,-34,549,1135,2
1190,670,1238,-10,-16,648,797,877,114,-23,439,1072,8
1279,537,934,-5,-16,1093,692,898,41,-26,503,730,1
1208,659,958,-9,-12,613,812,908,88,-18,706,969,12
1101,896,1224,-7,-24,705,730,1125,44,-40,1024,974,20
1137,804,1212,-8,-27,950,1168,869,30,-36,627,937,24
1263,706,1179,-12,-38,809,748,1228,56,-20,1012,876,17
1292,762,1190,-1,-30,659,819,832,39,-21,792,1010,7
1283,990,1045,-3,-14,719,1146,1226,85,-27,1184,815,5
1252,542,1075,-3,-40,1053,855,661,104,-6,844,956,13
1330,888,1021,-5,-39,1145,732,1190,101,-19,659,982,17
1325,895,969,-6,-21,879,888,1329,74,-29,816,1176,6
1310,743,1099,0,-33,756,1147,1265,111,-41,665,789,15
1299,839,1093,-12,-17,676,1002,791,59,-9,471,877,5
1170,664,1075,-12,-20,775,841,824,54,-44,651,840,0
1285,927,1050,-5,-39,972,991,997,59,-41,673,693,17
1157,928,1266,-11,-6,1188,1014,814,77,-43,605,969,0
1276,746,1284,0,-21,979,803,1074,109,-40,632,997,23
1148,778,1245,-10,-12,706,870,1063,58,-29,575,878,8
1140,635,1189,-7,-7,888,1068,740,117,-14,673,1128,21
1330,914,1081,-11,-21,864,908,1242,45,-25,1172,1118,6
1143,889,888,-10,-22,1120,972,860,103,-32,1093,711,1
1310,686,1081,-11,-40,1198,1116,1190,34,-15,486,1098,24
1100,892,1198,-11,-30,909,956,923,112,-43,441,825,16
1208,951,838,-9,-28,1121,1132,844,56,-29,555,850,14
1234,544,1271,-5,-32,668,1136,1032,34,-42,1082,1086,1
1261,536,1005,-6,-12,860,1045,1192,50,-20,1003,1086,24
1325,566,1148,-2,-15,708,770,765,61,-16,824,841,20
1196,628,908,-3,-14,994,1013,748,106,-15,534,871,23
1322,917,819,-11,-20,720,756,1207,115,-16,603,890,15
1271,561,871,-12,-23,963,1041,1194,95,-36,861,762,8
1269,638,1183,-4,-13,622,830,968,84,-7,678,669,20
1258,612,1121,-10,-20,1042,1213,1310,71,-14,545,1147,4
1273,666,1165,-10,-32,974,898,1305,55,-18,674,713,7
1180,890,921,-7,-43,1141,1231,698,117,-44,872,1192,5
1264,581,860,-8,-15,636,665,1250,81,-38,869,1151,2
1113,552,1026,-14,-17,621,878,1211,106,-36,926,1015,21
1269,849,845,-4,-29,738,1114,1005,83,-19,1163,1064,18
1337,667,1042,-1,-24,784,1047,1229,40,-23,735,716,18
1327,690,818,-12,-32,825,981,1289,54,-43,886,1024,10
1157,687,1012,-10,-42,925,1176,757,76,-32,911,824,22
1325,933,911,-5,-38,1124,978,1230,90,-29,678,1083,22
1212,617,903,-2,-9,1138,822,921,113,-31,988,705,18
1345,631,1096,-13,-39,942,732,770,118,-33,496,827,21
1312,599,970,-8,-16,746,814,931,32,-16,797,703,4
1119,744,976,-7,-33,739,1330,705,48,-37,903,1170,15
1153,844,833,-4,-33,734,736,1301,55,-32,435,1069,18
1118,575,925,-9,-44,955,1073,1075,63,-33,826,1001,2
1145,844,1053,-4,-7,1194,890,1328,91,-36,1039,1178,15
1318,729,1201,-2,-35,703,656,903,114,-39,541,886,0
1316,607,968,-11,-25,658,1312,1100,97,-38,1127,902,14
1305,674,1027,0,-12,830,1205,933,69,-9,401,749,5
1130,828,957,-4,-18,868,1011,1116,55,-6,904,852,22
1276,683,1264,-4,-13,978,761,1280,109,-39,764,945,24
1264,819,908,-9,-20,628,702,1116,37,-14,482,677,23
1167,509,854,-5,-5,774,1233,1117,37,-12,977,945,4
1281,982,1255,-7,-35,1110,791,730,56,-18,1135,699,6
1173,709,1041,-8,-43,781,1166,1039,45,-19,1035,873,18
1340,869,985,-7,-17,1161,1102,896,56,-44,1094,1145,7
1238,871,874,-10,-8,677,690,1331,63,-13,693,1183,3
1171,601,1115,-4,-31,1047,738,1070,52,-13,456,1082,15
1206,587,1292,-4,-7,793,1107,1187,66,-8,470,1068,15
1319,643,1081,-2,-11,638,901,843,48,-31,647,929,12
1104,664,1266,0,-34,781,882,1103,50,-23,686,1146,16
1341,879,862,-12,-37,1116,1106,1334,30,-40,461,1160,15
1122,543,1102,-5,-7,898,1026,1107,53,-40,581,876,5
1117,883,930,-8,-39,1166,1305,685,65,-44,1060,986,7
1123,920,801,-11,-19,926,1100,962,116,-39,600,982,12
1346,730,1074,-8,-5,1079,837,1021,50,-42,968,905,5
1339,958,1245,-5,-10,798,1052,1016,53,-40,833,933,5
1119,523,1058,-11,-10,889,978,1246,83,-30,635,914,14
1195,838,853,-3,-38,1105,953,1347,91,-13,688,1100,16
1130,508,857,-1,-29,737,939,735,43,-28,830,666,6
1228,896,839,-8,-14,710,1294,1315,31,-32,701,974,17
1313,811,1176,-13,-24,1117,1158,672,57,-6,609,1071,11
1182,587,1201,0,-12,1147,1083,1158,35,-21,782,700,13
1106,684,845,-6,-22,867,1090,1324,49,-34,737,1046,12
1220,679,1136,-13,-18,1139,658,1159,70,-13,1112,990,9
1116,849,968,-11,-26,928,743,1132,97,-26,930,1131,5
1299,813,1258,-12,-13,935,996,1262,65,-15,891,692,20
1160,754,825,-13,-7,1118,1281,997,53,-8,992,985,14
1164,949,1147,-8,-12,852,835,1265,83,-23,740,1060,6
1296,717,959,0,-19,749,1303,1067,99,-6,1146,822,12
1302,516,1184,-2,-24,902,927,749,68,-22,513,785,8
1102,667,1283,-13,-16,1161,1154,793,113,-19,1092,1122,16
1161,971,1131,-10,-44,947,927,1052,106,-8,828,807,1
1289,994,1118,-14,-6,783,817,1253,45,-36,554,1086,15
1110,880,841,0,-39,898,1115,1274,38,-25,569,742,4
1136,810,829,-3,-6,1098,932,1139,111,-21,1032,1173,8
1166,525,970,-8,-38,1116,1236,929,32,-35,1112,692,1
1296,572,1002,-7,-14,840,1235,1081,67,-6,406,1117,13
1302,936,1253,-4,-22,949,1135,1072,72,-10,1193,724,1
1132,520,1276,-4,-32,1170,967,873,80,-35,1099,983,9
1239,790,918,-11,-6,649,798,1030,85,-17,855,1066,0
1118,949,962,-10,-12,861,1306,984,43,-31,929,995,17
1294,663,998,-8,-39,945,1321,774,46,-34,606,785,16
1194,943,1277,0,-12,905,1155,1202,67,-7,725,1181,15
1295,597,1130,-7,-43,766,981,1313,118,-38,626,685,23
1316,920,1050,-1,-10,818,1318,781,91,-42,890,987,13
1170,624,897,-7,-13,734,1160,1342,94,-8,478,1115,19
1135,825,1099,-9,-31,795,667,1213,114,-35,765,738,19
1210,848,1208,-5,-36,751,812,905,39,-31,1022,743,6
1180,924,1098,-6,-18,1107,944,663,63,-40,727,699,3
1134,886,1225,-4,-22,1094,763,809,83,-10,1188,1049,3
1276,581,945,-13,-36,753,975,1133,42,-21,465,1060,13
1326,785,1021,0,-17,738,943,908,49,-43,805,822,8
1317,535,1163,-8,-19,805,1165,825,89,-6,773,751,7
1169,776,821,-5,-15,1017,1145,1243,109,-11,445,865,22
1301,754,1114,-14,-11,819,1166,912,84,-36,679,1079,10
1202,845,1218,-12,-31,728,845,1139,79,-17,915,1082,17
1114,943,1202,0,-14,1062,1143,1286,110,-33,527,799,11
1234,690,1244,-14,-6,700,933,1309,54,-19,443,782,22
1285,819,1297,-2,-20,656,941,1006,40,-20,440,1041,14
1265,900,1232,-8,-16,666,1045,967,47,-36,410,842,2
1331,802,1142,-5,-33,884,1199,765,61,-38,1065,1105,10
1118,834,891,-2,-32,700,812,1127,96,-35,901,1032,22
1168,640,1037,-9,-8,1151,890,735,79,-43,434,1192,11
1333,598,944,-10,-35,843,1049,759,88,-33,472,855,12
1327,660,1007,-11,-18,691,1123,781,39,-16,1054,742,11
1212,846,1277,-11,-35,617,759,1123,119,-23,958,1004,7
1226,922,1233,-5,-5,998,1083,1031,115,-26,552,1123,11
1323,544,1000,-7,-15,821,725,889,44,-21,707,1156,8
1100,988,1139,-10,-33,1014,1348,1255,92,-24,559,865,11
1319,592,1005,-1,-21,933,952,781,64,-39,634,788,2
1339,694,1047,-13,-6,1190,794,973,63,-42,945,915,20
1244,867,1013,-11,-5,838,830,753,119,-25,927,800,22
1334,930,1108,-10,-25,883,964,860,108,-39,1038,678,15
1240,518,1245,-7,-28,757,1097,817,40,-30,829,1105,23
1168,870,1055,-10,-17,724,789,926,107,-29,1082,778,3
1318,846,834,-14,-36,1186,1123,1215,56,-5,426,1092,11
1183,544,1060,-3,-27,922,757,690,71,-34,1029,949,5
1247,602,1215,-12,-8,1020,877,957,80,-15,846,943,11
1102,737,1180,-3,-23,1135,871,965,77,-36,885,830,8
1229,857,1041,-1,-26,1093,774,955,41,-28,1130,737,12
1167,977,817,-1,-24,727,664,1261,67,-28,468,743,16
1206,960,1090,-4,-14,725,859,1012,50,-15,1195,786,14
1223,604,1049,-3,-38,959,841,1236,56,-36,965,742,12
1104,802,1074,-11,-41,915,1010,969,64,-14,758,853,23
1324,687,1169,0,-13,947,1054,871,35,-18,601,1026,5
1157,568,1186,-1,-7,1023,1040,1044,43,-38,642,1086,12
1177,932,824,-2,-13,791,1097,1274,92,-8,1069,870,5
1287,577,1266,-3,-26,1166,1281,712,36,-19,1107,883,4
1139,770,1257,-3,-18,712,1225,942,114,-34,979,1105,13
1107,613,1110,-2,-21,660,1339,909,112,-41,1045,1081,7
1192,980,972,-5,-29,840,742,1089,82,-15,449,786,23
1181,796,1192,-10,-15,1061,726,900,119,-35,999,820,24
1128,659,851,-2,-10,1101,1335,1341,44,-42,889,895,9
1275,581,897,-4,-7,1024,1268,1001,100,-24,1054,883,18
1330,957,828,-7,-29,976,1343,658,113,-18,1078,719,19
1263,879,927,-7,-23,1158,940,821,115,-20,891,1062,4
1128,905,1023,-1,-44,1051,872,669,64,-39,694,775,17
1144,907,1065,-13,-5,650,701,903,36,-25,676,888,4
1274,828,1259,-14,-44,1082,1175,990,70,-35,975,896,12
1163,777,806,0,-39,813,1322,797,110,-23,596,1052,2
1184,789,1165,-11,-37,800,1009,654,67,-24,778,860,23
1181,843,1121,-3,-43,968,1004,658,46,-17,1032,751,23
1130,503,1063,-8,-13,651,1008,1142,47,-11,804,998,18
1181,647,845,-4,-19,825,943,800,59,-5,457,823,9
1221,649,1059,-7,-14,817,1028,732,32,-38,963,842,21
1185,780,944,-8,-23,610,1114,818,68,-20,775,828,11
1193,955,997,0,-30,949,1246,913,88,-33,666,1055,2
1296,666,1034,-11,-19,911,1094,1345,112,-39,1021,777,12
1216,753,1100,-5,-33,1180,1143,966,76,-12,1098,815,22
1229,503,975,-6,-10,1195,835,974,56,-27,490,749,4
1347,980,867,-5,-25,931,1219,1170,97,-14,1081,721,12
1269,730,1279,-5,-27,1098,1270,839,88,-39,813,1144,10
1133,511,951,-12,-38,618,763,1089,74,-22,575,849,23
1136,794,1020,-1,-6,1167,870,815,116,-15,502,1053,15
1334,538,889,-9,-15,987,1308,933,95,-12,833,686,9
1201,763,1075,-4,-8,1026,790,924,78,-36,1123,1053,3
1200,790,963,-9,-8,631,692,1101,36,-34,569,1177,19
1259,702,1044,-13,-41,758,701,1238,78,-8,527,1181,6
1300,880,803,-13,-5,876,1246,1193,98,-14,933,939,11
1251,872,1069,-8,-37,783,771,1285,30,-31,514,735,11
1297,961,1087,-7,-6,1007,946,1111,50,-42,1153,1197,1
1131,645,1196,-3,-38,682,955,906,67,-18,410,1102,9
1286,843,910,-13,-24,747,1277,1178,47,-10,929,1077,8
1124,871,999,-12,-15,606,1129,1294,112,-37,716,881,17
1157,876,982,-11,-27,1126,817,1242,52,-5,640,1113,11
1200,643,880,-5,-25,742,1172,671,44,-10,948,900,23
1135,828,1050,0,-23,913,957,1214,67,-13,1104,1133,10
1237,548,1284,-13,-13,696,1336,969,60,-44,669,1148,8
1235,782,1181,-6,-30,1090,1182,686,104,-9,755,748,19
1332,663,899,-13,-28,634,925,1323,37,-22,841,1036,12
1292,729,1101,-13,-27,679,872,784,74,-7,637,714,22
1258,534,1072,0,-44,968,716,968,61,-12,660,1160,23
1258,575,966,-6,-12,727,861,1284,102,-19,499,809,20
1102,646,998,-4,-27,1013,1298,1243,47,-40,448,1151,9
1251,856,1221,-8,-9,863,1185,922,89,-20,889,801,7
1143,908,923,-12,-28,621,961,721,62,-35,1097,674,0
1176,868,1096,-8,-19,952,817,1347,59,-30,702,707,13
1126,757,860,-12,-29,657,903,1346,106,-21,658,1149,9
1262,714,1014,-6,-35,1151,928,757,82,-44,621,675,14
1333,958,1013,-6,-24,783,1128,1166,119,-44,451,889,3
1290,704,1272,-12,-44,782,834,1202,45,-40,1156,722,4
1319,583,1294,-8,-29,817,1032,812,48,-37,983,949,4
1155,630,982,-1,-26,1194,749,870,35,-12,1068,651,0
1156,971,1090,-14,-16,1115,909,979,83,-11,1083,783,0
1265,793,939,-13,-42,851,763,941,44,-42,958,1144,5
1111,601,1002,-8,-40,618,878,1223,102,-16,524,1067,1
1226,804,1269,-2,-21,965,1031,864,99,-5,1161,1094,16
1253,999,1172,-14,-7,1099,1067,1171,98,-19,717,796,10
1218,861,1263,-8,-17,976,920,1222,82,-41,1044,1116,15
1274,908,851,-7,-10,1160,1253,857,113,-44,641,788,18
1136,866,868,-6,-25,971,1343,925,86,-44,743,1053,14
1280,882,1298,0,-9,671,1056,994,94,-26,896,1090,17
1247,681,956,-1,-21,842,1124,980,50,-9,1160,1132,18
1239,754,1267,-1,-24,968,785,656,119,-7,902,1139,9
1298,801,1087,-4,-15,606,1154,722,90,-9,801,870,17
1156,741,1267,-5,-27,661,743,1165,85,-25,562,987,9
1179,511,825,-3,-40,646,1120,865,93,-8,1155,717,23
1169,535,1062,-12,-8,679,989,965,46,-9,764,1025,14
1162,727,918,-8,-30,1151,739,1333,90,-28,595,694,11
1227,631,1020,-9,-39,741,933,1124,56,-33,604,703,13
1297,545,999,-7,-34,686,656,797,102,-10,1027,875,2
1217,885,962,-7,-43,1094,739,1334,36,-15,1125,1117,20
1111,605,1048,-8,-38,893,1181,946,89,-7,661,1187,5
1183,942,1221,-4,-43,1169,717,1167,31,-40,821,1191,7
1181,696,1010,-6,-31,874,1305,857,36,-19,504,1191,2
1231,998,1085,-12,-6,822,843,1242,94,-11,542,1042,18
1239,586,976,-9,-27,782,1002,657,83,-14,758,1141,20
1208,972,1050,-8,-13,930,1073,1224,64,-22,540,892,24
1312,923,922,-5,-14,1186,966,1014,90,-24,933,1128,8
1111,800,1196,-1,-11,778,800,1279,64,-44,1058,1105,7
1100,750,883,-13,-27,779,869,956,77,-42,505,918,14
1155,603,1098,-6,-25,750,777,1154,93,-29,505,1027,15
1157,915,823,-5,-6,678,1175,881,109,-8,1086,811,11
1323,612,1095,-11,-29,1043,1323,1085,92,-14,1038,905,1
1172,859,1017,-3,-37,1015,1344,955,30,-28,626,1154,7
1259,802,1183,-6,-19,782,695,853,96,-29,1186,1153,19
1154,752,811,-14,-7,620,1174,1306,73,-6,895,747,10
1118,558,874,-9,-26,832,825,1056,48,-17,741,837,19
1115,659,1082,-3,-30,1144,1098,1024,95,-40,740,784,12
1348,956,1155,-7,-15,1068,784,838,53,-25,1140,680,13
1216,952,1230,-3,-24,870,799,1165,83,-42,915,770,24
1103,756,1252,-2,-16,606,865,1123,58,-8,982,708,15
1244,832,1244,-3,-44,854,1156,668,114,-24,548,772,0
1114,930,1145,-11,-15,1097,987,802,89,-6,451,885,1
1109,978,838,-4,-25,828,1311,1060,62,-42,1193,900,3
1233,616,892,-8,-36,834,881,1172,68,-22,448,787,4
1313,850,929,-1,-34,727,899,717,66,-36,1009,1071,3
1178,685,1165,-9,-18,1013,1329,1171,109,-39,922,1094,8
1331,937,1181,-7,-5,611,1184,942,101,-32,666,970,19
1190,715,1129,-7,-19,910,1300,1267,83,-31,1139,1065,20
1309,818,849,0,-43,703,944,729,106,-35,674,1094,4
1262,812,1122,-1,-28,806,1345,968,95,-44,477,667,19
1317,612,899,-11,-33,1185,1231,796,82,-11,929,805,11
1322,898,1163,-7,-21,770,1027,764,59,-21,852,810,17
1245,993,1206,-9,-17,1031,989,1135,118,-9,597,1089,0
1242,626,1136,-13,-12,675,715,1154,64,-28,1173,883,24
1227,742,888,-5,-13,810,679,1295,43,-5,1159,1074,9
1341,963,1257,-9,-21,1188,1248,780,87,-14,912,1162,4
1185,929,1106,-6,-44,634,1028,1211,117,-25,624,744,21
1327,785,950,0,-12,757,896,920,101,-30,491,779,19
1323,578,1185,-8,-5,789,1150,1271,113,-26,1064,859,3
1233,825,1042,-7,-15,873,705,845,106,-40,1085,1100,6
1227,716,944,-1,-32,664,716,1109,113,-14,653,1007,20
1263,790,1279,-11,-26,613,920,846,105,-9,729,956,13
1252,707,893,-1,-16,671,1058,1179,84,-23,1108,938,23
1195,624,1092,-6,-19,897,762,767,56,-38,576,807,5
1148,946,863,-1,-25,705,684,1339,69,-16,462,981,12
1320,857,1084,-7,-19,758,942,892,32,-23,810,816,5
1148,515,912,-14,-29,661,718,931,45,-18,1155,698,2
1249,807,946,-9,-29,752,1210,858,64,-24,746,681,7
1329,606,908,-11,-36,979,1002,730,35,-21,856,1007,18
1264,582,1285,-1,-5,1082,1262,1259,100,-40,1159,897,13
1274,634,920,-14,-32,741,763,1092,51,-38,732,1113,8
1308,989,1254,-7,-6,1126,1140,1266,73,-29,918,861,22
1327,673,1279,-6,-19,928,651,982,76,-43,516,962,3
1124,805,1175,-6,-22,623,707,1048,49,-12,734,869,1
1137,923,1058,-8,-21,812,735,741,44,-29,573,1153,19
1206,610,1066,-13,-11,838,884,694,53,-39,512,661,18
1229,933,839,-3,-40,852,801,866,92,-38,902,1038,24
1298,798,1178,-1,-37,975,1080,968,36,-30,468,1196,4
1124,969,1148,-8,-32,1028,960,793,74,-34,508,1181,5
1142,910,807,-1,-42,800,988,1290,108,-18,1159,891,18
1186,897,912,-13,-19,622,855,893,94,-22,667,939,20
1234,741,948,-14,-15,636,1283,1005,71,-27,925,1058,23
1211,772,985,-6,-38,729,1013,784,94,-33,779,982,6
1330,807,1031,-8,-29,695,778,754,68,-28,1115,1144,11
1153,935,871,-5,-21,833,1092,930,59,-13,1137,1132,7
1288,626,1240,-13,-34,1119,1121,1338,89,-16,819,752,10
1321,944,1164,-9,-8,736,1343,876,83,-7,1039,655,24
1244,503,921,-3,-12,727,1166,1152,48,-10,967,752,10
1278,847,1083,-10,-27,726,1254,1278,56,-29,628,985,9
1241,928,1010,-12,-43,833,1218,1322,90,-8,922,1093,15
1123,919,1190,-3,-13,1082,777,967,116,-14,805,744,9
1316,549,885,-11,-32,735,1175,1245,104,-11,529,1150,17
1299,937,956,-9,-11,770,1165,1095,37,-41,466,910,4
1192,716,1063,-13,-43,933,1328,687,98,-40,707,894,24
1189,682,1170,-5,-30,618,999,710,71,-10,837,1064,7
1310,737,819,-10,-18,701,825,1100,77,-6,994,871,0
1128,561,856,-6,-33,865,1059,754,112,-9,429,1072,17
1328,628,1272,-1,-5,782,975,881,96,-26,516,735,21
1167,898,828,0,-43,960,747,915,94,-27,400,794,9
1283,714,1163,-4,-36,659,1070,1026,77,-37,504,684,2
1182,730,1267,-9,-5,785,1043,740,48,-39,770,993,3
1183,666,1220,-13,-13,680,1308,1049,65,-19,992,1115,6
1345,982,1228,-5,-32,1050,1317,786,32,-20,430,1054,3
1225,750,945,-4,-10,999,836,1165,106,-28,603,830,19
1175,975,1211,0,-44,895,698,830,119,-5,1081,1074,18
1251,781,1219,-13,-29,851,721,694,77,-37,701,679,22
1122,511,1112,-10,-35,1139,1189,1280,87,-18,999,1171,8
1100,913,837,-13,-41,889,1111,1333,73,-11,592,708,21
1110,633,983,-6,-35,929,1042,1193,91,-5,833,956,2
1105,546,1270,0,-23,951,1301,853,93,-7,571,919,15
1221,517,1225,-10,-13,1167,1215,1299,87,-26,690,733,2
1325,729,1182,-2,-34,663,875,802,53,-38,1061,799,18
1119,747,1118,-2,-43,1035,1038,823,76,-31,1039,761,3
1105,693,919,-10,-24,1069,1247,911,63,-17,741,708,13
1267,671,1176,-6,-21,1064,1132,1209,111,-15,466,747,0
1309,843,981,0,-29,1018,983,960,115,-20,799,932,24
1222,642,952,-13,-7,926,734,955,105,-17,923,814,23
1104,617,1121,-11,-11,651,950,1286,106,-34,890,702,9
1287,604,936,-13,-28,617,1140,1229,50,-18,788,874,15
1151,671,963,-11,-25,1123,834,1296,52,-19,817,689,17
1120,986,831,-14,-5,922,965,1119,68,-9,1044,774,7
1145,591,1121,-6,-17,839,827,788,72,-44,579,662,6
1149,583,803,-1,-11,736,972,719,109,-12,537,1037,14
1325,703,1231,-1,-27,766,1019,1020,52,-28,739,738,5
1284,517,1030,-5,-35,1149,1009,1306,70,-34,407,917,6
1142,768,1182,-8,-29,1076,1023,874,86,-12,812,878,2
1142,817,960,-14,-30,769,675,842,62,-9,1092,1007,3
1261,985,1119,-11,-41,1165,1253,1185,108,-21,1113,1138,14
1197,514,867,-14,-27,1112,999,1081,95,-34,1194,972,7
1326,905,1291,-5,-27,876,1292,699,108,-20,736,937,16
1103,523,1041,-10,-30,1025,791,1203,38,-33,498,997,0
1189,945,1127,-7,-39,882,712,931,83,-28,1067,968,16
1331,821,1195,-1,-25,1154,1301,721,50,-35,718,656,13
1105,623,1299,-1,-35,1039,682,669,89,-18,736,724,22
1289,768,879,-7,-8,1172,736,839,90,-34,882,1007,7
1264,905,1245,-14,-22,606,1173,1304,37,-39,817,1155,20
1205,825,835,-12,-12,707,970,837,91,-21,1148,1115,2
1124,577,836,-1,-23,655,1285,1324,95,-34,783,767,9
1260,840,1218,-3,-24,741,1232,673,113,-22,814,716,22
1192,817,807,-3,-28,979,1337,1235,51,-31,1082,1178,6
1119,542,1016,-2,-43,712,1285,1172,106,-32,933,714,2
1274,894,1149,-7,-28,1071,1021,1124,59,-24,529,744,14
1243,916,1269,-6,-8,813,924,1175,34,-34,458,713,5
1100,501,804,-10,-44,1023,1001,1331,92,-28,947,1071,2
1330,799,1065,-8,-44,1133,817,880,40,-37,439,1065,9
1215,979,1150,-5,-16,1194,1306,1213,47,-22,486,1015,3
1165,875,915,-5,-27,744,952,1136,84,-10,464,1129,18
1156,871,1284,-5,-18,941,1037,732,95,-35,1018,921,20
1275,985,1240,-14,-19,1082,1151,1170,97,-28,837,1079,21
1147,909,1131,0,-33,1079,956,1258,61,-19,1142,888,10
1144,870,837,-6,-28,1058,930,1138,54,-36,663,1041,1
1104,708,1188,-14,-19,613,1308,1236,90,-33,515,856,10
1300,652,952,0,-31,704,957,1206,39,-35,1140,739,21
1132,519,915,-13,-15,1175,901,672,63,-31,486,932,4
1205,606,970,-14,-23,912,870,1272,84,-9,471,665,22
1148,701,1111,-10,-12,1013,935,1304,65,-44,658,944,7
1154,546,858,-3,-11,614,736,1287,117,-31,840,876,5
1108,631,1062,-6,-42,1020,765,1329,48,-26,1102,815,15
1339,868,1123,-3,-29,788,1060,1027,40,-39,884,859,12
1271,837,1294,-1,-8,783,1207,1090,39,-7,759,769,1
1285,677,998,-14,-34,881,1085,1051,73,-34,856,1133,13
1175,766,806,-6,-28,925,969,999,86,-16,859,933,13
1116,816,1170,-8,-17,602,919,689,96,-21,1092,851,10
1195,533,937,-5,-34,637,1201,933,81,-20,1093,1107,6
1241,895,851,-3,-37,1047,1321,1133,90,-44,882,898,19
1154,994,1202,-8,-6,1078,1052,782,94,-8,621,742,2
1300,703,940,-10,-30,659,998,659,59,-5,1008,916,17
1309,889,1223,-1,-28,637,1147,1179,64,-19,481,1019,6
1328,505,1125,-13,-39,608,813,1088,116,-24,567,1027,18
1129,724,871,-6,-44,812,1247,791,93,-22,756,1046,12
1109,632,1239,-7,-32,864,1200,1014,84,-13,963,1095,0
1247,888,1050,-3,-23,1039,1037,970,69,-39,1054,1079,5
1207,764,844,-9,-18,675,967,1072,48,-10,1070,733,22
1273,610,1292,-2,-43,733,1008,1167,71,-37,581,1022,4
1238,893,979,0,-32,1037,1206,967,95,-12,940,854,11
1111,854,968,-3,-41,1123,1140,708,90,-36,731,1002,18
1305,927,1132,-3,-8,1005,869,1091,37,-32,716,738,21
1208,719,970,-1,-27,1019,1139,1231,60,-6,502,753,15
1160,933,1263,-9,-16,1112,847,1226,45,-18,452,845,0
1125,935,815,-7,-15,1163,899,1176,30,-40,725,706,10
1113,570,1210,-13,-39,627,1209,1145,61,-6,576,1011,23
1233,983,972,-7,-6,880,1257,1264,47,-43,1117,654,4
1160,979,1257,0,-21,606,1104,1003,118,-30,1148,1026,21
1209,872,1017,-8,-26,697,855,746,116,-21,597,1118,3
1140,515,876,-7,-11,1109,722,902,110,-35,1186,836,20
1232,791,1130,-5,-12,918,860,818,39,-21,1082,700,17
1183,810,1141,-1,-14,787,945,1272,30,-34,669,785,4
1239,742,1230,-10,-31,1082,861,1299,105,-20,1042,687,6
1174,980,830,-8,-36,1026,1072,779,81,-5,529,824,22
1126,990,849,0,-7,993,838,1119,76,-10,451,1021,16
1144,654,808,-5,-28,706,1030,1214,112,-40,1089,741,11
1203,999,1081,-3,-29,762,1331,758,78,-36,621,972,15
1145,515,843,-4,-12,924,907,1141,117,-9,641,1020,2
1243,910,1057,-3,-24,816,791,935,61,-30,1118,882,13
1191,756,1039,0,-23,730,788,818,39,-15,957,877,21
1321,797,1196,-13,-5,859,911,1044,54,-23,789,743,7
1115,605,1055,-11,-33,806,880,958,78,-39,1105,927,5
1332,859,1220,-10,-40,781,1123,1331,116,-10,919,975,16
1345,843,1287,-10,-16,1190,1058,1325,86,-8,743,741,20
1180,745,881,-12,-28,1131,805,1007,113,-6,767,769,23
1219,673,801,-14,-20,858,871,1299,117,-22,1050,1170,14
1342,902,909,-11,-28,726,873,787,96,-15,507,981,1
1230,883,1212,-2,-28,871,1319,880,89,-27,468,828,7
1256,642,1042,-2,-21,798,1107,886,56,-9,1006,1049,2
1222,832,1212,-14,-33,660,836,756,75,-42,1098,1026,11
1211,522,901,-5,-28,645,975,878,41,-7,428,757,8
1253,689,824,-10,-32,916,1045,711,116,-10,917,681,2
1333,900,1264,0,-26,906,1283,1283,52,-27,547,1007,19
1105,932,1248,-12,-24,857,875,802,110,-41,503,726,16
1248,623,1123,0,-5,1085,1181,1276,96,-26,1161,1045,14
1300,661,1132,-5,-5,762,1102,864,89,-32,672,1098,15
1159,696,953,-6,-8,820,811,1336,105,-32,521,689,3
1300,660,1085,-2,-20,656,670,772,68,-21,1177,673,12
1250,908,1235,-14,-41,742,1028,921,41,-20,1114,901,3
1348,786,1165,-14,-43,1038,1296,1076,76,-14,732,805,24
1231,966,1164,-7,-30,851,753,689,94,-34,1081,977,11
1110,854,832,-5,-30,953,979,1347,53,-40,1094,810,5
1105,665,1196,-6,-37,857,1097,654,33,-21,1122,904,14
1275,818,1260,-9,-37,1160,1082,1093,52,-21,773,1170,0
1341,673,1184,-10,-26,1135,1188,667,111,-27,1176,866,4
1178,688,1247,-6,-21,882,1257,806,54,-37,929,811,16
1317,756,1119,-11,-38,683,681,943,64,-6,548,1072,11
1276,503,829,-6,-33,740,713,1224,115,-30,879,1142,15
1187,894,1115,-14,-16,815,1267,1168,66,-25,648,1094,3
1301,716,1217,-5,-7,971,777,758,88,-19,475,924,8
1226,917,1074,-12,-23,619,1048,845,84,-33,1149,650,24
1312,988,1185,-1,-25,908,800,695,74,-14,605,1169,20
1199,512,1150,-2,-38,674,748,954,64,-24,882,706,2
1249,614,1177,-1,-44,1121,684,1193,63,-27,490,1190,10
1296,707,944,-1,-39,934,876,715,100,-31,679,751,18
1106,880,874,-2,-6,655,1260,1260,71,-31,592,1091,10
1107,871,1036,-11,-35,880,765,1241,40,-21,1045,1073,2
1328,761,1298,-5,-35,1056,1169,721,102,-24,598,1072,6
1242,870,851,0,-41,629,688,941,106,-36,958,748,23
1134,959,1050,-14,-44,637,1273,753,58,-28,560,1119,17
1138,934,910,0,-42,801,864,1306,112,-10,897,1055,5
1115,868,1233,-9,-7,904,848,838,65,-17,1174,879,24
1214,889,828,-7,-23,655,1156,1133,118,-32,889,695,6
1286,602,1270,-5,-31,869,997,1271,103,-37,992,1129,22
1175,509,1116,0,-37,1048,1245,1110,118,-26,939,1090,10
1138,942,1197,-3,-22,667,1112,966,94,-37,1042,706,2
1231,919,982,-11,-21,940,1171,866,89,-8,838,953,11
1213,538,1048,-11,-6,1014,988,1331,108,-29,1089,698,1
1115,748,908,-6,-27,765,761,1237,75,-40,1048,1074,20
1289,795,903,-4,-32,714,1050,896,51,-27,1018,720,20
1111,931,840,-1,-42,951,1302,1188,113,-43,552,1021,16
1178,990,830,-5,-30,758,980,1211,47,-32,1151,977,18
1199,502,1024,-12,-35,1156,1198,669,34,-7,1116,867,6
1187,694,979,-10,-25,696,835,659,68,-6,489,1108,23
1119,783,1004,-8,-35,943,715,659,74,-41,525,958,1
1300,795,831,-10,-20,846,1234,886,34,-14,601,852,1
1177,701,968,-6,-6,695,801,892,85,-19,411,839,12
1277,815,1051,-3,-44,654,1202,1227,85,-27,621,1008,4
1178,730,1044,-5,-16,912,727,1210,69,-28,1050,1094,13
1341,698,1298,-11,-42,718,1266,811,68,-6,901,1194,15
1114,760,1182,-8,-39,645,966,983,71,-29,1066,1125,16
1224,920,1280,-1,-27,837,1208,1228,91,-10,409,957,11
1277,926,1070,-13,-14,1154,930,755,41,-36,899,963,21
1294,563,859,-6,-28,790,1121,691,34,-34,445,1085,2
1255,781,867,-10,-5,1172,1079,885,60,-35,516,919,10
1220,767,1197,-5,-12,756,790,1077,73,-7,574,1179,24
1122,981,1169,-8,-22,693,1216,797,58,-37,467,719,2
1298,639,1099,0,-34,797,938,743,102,-39,961,838,8
1312,522,1232,-9,-23,934,1281,1193,116,-32,1017,698,18
1202,691,1043,-12,-35,1089,838,1154,85,-44,1006,721,0
1226,797,1093,-8,-14,1125,879,1251,80,-32,579,725,9
1193,969,1123,0,-9,724,682,1067,90,-41,1139,1070,22
1125,828,826,-7,-19,1085,1255,1171,49,-20,894,844,24
1321,801,835,-7,-31,974,1327,785,50,-15,1111,726,0
1148,803,1131,-11,-12,1183,1137,653,90,-25,651,800,20
1165,868,1073,-12,-40,694,1162,1022,73,-23,438,675,7
1102,568,1148,-1,-11,1136,1254,884,49,-15,648,839,7
1333,800,909,-4,-22,784,1199,830,72,-16,1032,1179,17
1207,641,1241,-4,-44,1121,939,946,72,-25,1007,1181,22
1298,968,1260,-4,-31,1112,955,870,54,-14,1040,881,14
1105,833,1111,-14,-27,972,1067,1009,100,-10,676,829,23
1114,567,928,-4,-5,1198,687,775,73,-9,1145,916,20
1315,945,1113,-10,-38,939,675,1325,73,-37,443,976,17
1150,788,1002,-8,-10,697,672,1070,95,-10,1015,954,2
1274,773,852,-12,-17,1034,666,1008,111,-17,448,926,14
1265,651,1202,-9,-13,1196,806,1214,103,-8,1123,1147,15
1255,740,1080,-5,-43,853,719,868,69,-16,1149,657,2
1120,942,988,-9,-28,1182,1218,742,85,-21,1018,821,2
1249,656,1034,-7,-39,611,1329,860,94,-18,745,655,2
1295,962,1218,-12,-43,911,782,1095,70,-22,484,1154,16
1290,792,1042,-4,-8,1119,1170,1109,47,-5,1049,1056,6
1132,766,1225,-6,-28,1154,864,1335,45,-44,426,1033,11
1326,977,1201,-11,-21,802,810,831,49,-5,932,1048,1
1114,729,1163,-14,-27,906,724,992,35,-15,1104,1184,17
1237,810,874,-12,-9,999,998,1026,101,-24,1076,1159,23
1312,725,1026,0,-39,1188,1061,850,56,-5,1050,859,16
1194,721,849,0,-11,640,741,917,78,-37,1061,881,11
1111,511,1187,-2,-27,733,1210,1293,80,-27,938,1165,24
1302,774,1066,0,-6,967,1085,1083,49,-11,1082,1105,7
1282,581,1061,-4,-18,709,1040,756,89,-37,410,985,8
1295,864,890,-6,-41,1102,724,1048,58,-12,794,983,11
1199,593,1191,-9,-5,1161,1056,1284,93,-5,1040,755,21
1126,665,1094,-11,-8,889,699,1215,53,-6,989,870,3
1277,961,1236,-14,-27,1168,1080,919,51,-44,937,992,12
1289,813,826,-13,-34,869,1060,873,100,-15,1158,855,20
1175,929,1128,0,-11,646,1047,1295,50,-37,746,652,8
1122,618,807,-10,-28,828,786,1320,85,-15,866,983,24
1322,870,1147,0,-37,890,668,1022,49,-30,979,881,23
1150,856,965,-5,-43,1147,910,913,119,-37,1102,1124,4
1211,845,897,0,-23,641,803,726,47,-9,1145,755,15
1214,873,943,-12,-10,899,1162,880,49,-11,935,917,15
1271,792,829,-9,-41,1076,1016,1280,70,-26,743,977,21
1124,599,977,-4,-11,619,888,1152,61,-27,1058,809,19
1229,740,874,-2,-11,785,1241,684,72,-22,841,962,2
1141,520,1224,-10,-39,1022,1195,893,33,-12,785,1118,18
1106,850,975,-3,-29,995,903,961,115,-10,1020,654,7
1317,782,1275,-9,-40,1187,688,1038,97,-10,1069,1004,8
1328,595,964,-9,-39,951,1134,928,87,-20,528,1084,10
1196,788,1190,-6,-10,1088,877,984,34,-42,1012,889,5
1232,534,1146,-12,-33,702,742,906,110,-30,1099,867,16
1304,692,960,-12,-34,1045,1031,1184,112,-37,665,972,24
1338,743,1208,-12,-17,1150,1124,939,44,-35,879,947,12
1259,594,1266,0,-17,787,1002,1280,86,-20,1029,1136,5
1303,895,1188,-11,-24,707,906,790,64,-25,1197,1058,11
1136,512,945,-5,-18,1198,1257,1285,50,-31,1130,1110,19
1329,915,807,-1,-23,766,768,1078,59,-14,1192,1091,10
1283,675,1295,-2,-37,732,1137,1329,104,-40,450,914,5
1228,795,865,-14,-29,921,1132,1032,31,-8,462,973,10
1262,983,1008,-3,-7,998,822,1077,115,-27,1041,808,1
1285,976,912,-4,-19,633,824,744,31,-44,859,856,18
1135,963,1132,-13,-6,807,722,873,116,-19,433,986,24
1281,505,926,-5,-40,1015,823,1090,83,-10,844,1037,3
1190,919,1036,-8,-44,630,1178,702,91,-11,1150,954,4
1135,959,886,-1,-18,758,827,666,40,-26,487,750,13
1275,659,842,-9,-29,951,1124,940,67,-43,411,743,24
1323,765,1201,-13,-31,1144,1241,1077,47,-28,1095,706,15
1228,695,1250,-14,-22,683,711,1128,56,-5,766,815,14
1111,855,1024,-3,-41,1052,883,1312,68,-35,684,691,1
1205,632,879,-11,-10,1166,787,964,55,-6,1001,687,18
1280,654,1057,-8,-28,892,952,854,83,-5,1109,842,22
1130,642,966,-13,-21,733,1190,1163,62,-8,586,1093,17
1269,873,850,-7,-8,936,1305,799,31,-14,753,1179,15
1161,879,1230,-5,-18,808,1136,858,109,-7,985,820,5
1342,663,979,-6,-22,880,1139,912,85,-20,426,727,8
1217,602,1142,-5,-41,1101,1172,990,117,-41,948,812,24
1105,608,1264,-14,-25,1014,1051,1126,68,-40,695,1061,7
1128,643,1020,-11,-17,1011,1229,1308,86,-14,1176,966,20
1176,674,1024,-9,-33,877,789,824,78,-14,793,688,23
1312,541,1025,-3,-13,768,1147,1028,37,-12,664,1184,7
1211,975,1206,-8,-30,1092,1335,763,59,-7,1012,1051,6
1289,951,975,-10,-21,908,1324,1284,75,-21,691,967,3
1292,801,933,-9,-35,1020,919,1144,62,-18,1111,802,3
1209,560,828,-10,-15,976,1077,1230,114,-33,525,831,20
1262,968,854,-1,-36,1174,930,1062,105,-12,656,770,18
1164,642,1064,-7,-28,978,1156,847,75,-21,667,733,12
1291,659,950,-1,-30,825,1158,778,83,-43,490,1145,17
1230,620,1148,-11,-36,901,869,1063,75,-25,566,743,13
1248,620,1095,-8,-29,646,1005,1128,61,-22,549,808,14
1299,655,1018,-5,-27,817,762,1283,37,-15,616,661,9
1329,576,1182,-7,-16,1056,1198,1115,65,-22,682,824,23
1295,684,944,-5,-32,901,1093,1118,83,-37,620,1059,14
1115,790,1040,-11,-37,864,1190,841,103,-44,1007,1041,19
1132,852,1268,0,-9,1106,938,1086,35,-18,466,1002,24
1143,532,1176,-4,-25,1164,776,898,111,-5,1087,948,14
1332,980,861,-13,-44,983,1134,1000,109,-10,466,1101,0
1108,810,1188,-2,-41,835,1169,1325,94,-7,1135,1086,9
1174,835,848,0,-17,970,1138,720,48,-26,497,735,6
1152,767,1158,-7,-11,1092,729,693,40,-20,960,1191,2
1281,949,1033,-6,-20,1116,1330,829,52,-27,922,910,1
1119,858,1200,-14,-9,1039,872,1154,103,-6,989,915,11
1306,528,1152,-9,-9,804,849,773,103,-19,831,1092,20
1151,869,1094,-14,-38,1120,1343,978,67,-43,474,886,5
1146,985,1072,-2,-22,919,820,731,119,-17,1079,798,19
1249,643,968,-2,-22,738,1253,1060,102,-9,637,920,6
1338,748,898,-4,-25,775,1116,879,93,-20,857,1151,6
1320,741,1272,-13,-40,999,951,919,102,-25,464,743,2
1233,883,937,-5,-5,957,1311,1245,41,-8,429,924,14
1101,682,959,-12,-23,762,1259,693,115,-38,485,867,21
1284,934,1057,-10,-44,634,1301,903,79,-29,874,773,10
1261,542,986,-7,-9,741,998,1277,98,-26,1157,1192,3
1324,646,1210,-10,-42,1061,1139,1107,49,-20,909,666,17
1200,625,1025,-2,-34,906,1029,1016,47,-29,1013,841,7
1187,656,1139,-14,-11,782,657,872,30,-32,1059,748,8
1336,551,1065,-6,-31,1192,895,812,88,-22,553,1160,3
1246,996,952,-12,-15,1143,847,1072,109,-12,885,1125,3
1266,651,955,-10,-39,980,946,1111,111,-28,741,1120,0
1188,813,824,-10,-22,821,1274,1178,93,-37,922,849,20
1119,724,1177,0,-27,777,1224,877,82,-38,736,990,22
1167,908,1051,-12,-37,782,1285,1327,71,-30,555,1101,1
1131,556,1217,-14,-27,837,797,748,46,-38,943,1053,6
1111,565,1200,-4,-41,758,850,1216,85,-36,942,902,2
1217,999,902,-12,-25,1192,744,1187,77,-27,1148,1195,7
1246,801,822,-1,-6,902,853,1185,70,-9,419,1102,15
1319,578,949,-7,-44,1008,687,830,45,-33,473,1167,13
1155,628,1149,-2,-10,971,1018,999,67,-37,739,1127,15
1212,511,890,0,-10,1045,748,1159,54,-42,1165,882,18
1156,623,1194,-11,-13,1008,828,1153,110,-16,1022,890,16
1110,825,1062,-13,-15,777,1183,776,88,-44,726,1177,22
1203,777,850,-14,-20,947,1228,899,31,-26,742,694,21
1195,570,919,-3,-26,866,813,761,85,-37,971,691,0
1276,633,1299,-3,-33,1091,1174,736,53,-32,672,719,21
1154,956,918,-3,-40,945,763,663,32,-23,1176,813,8
1188,611,978,-1,-28,829,657,678,49,-41,535,1010,8
1217,517,809,-4,-35,763,777,1171,118,-17,426,1005,10
1102,951,1175,-1,-39,1193,1191,848,111,-37,859,988,16
1305,708,936,-11,-24,874,1149,1324,111,-39,948,1186,21
1168,708,1286,-1,-32,906,1267,1120,116,-13,583,1054,24
1220,765,1099,-11,-15,785,905,748,40,-31,608,754,1
1181,548,1273,-7,-34,803,985,1208,101,-31,724,671,5
1233,863,991,-9,-11,951,934,1167,63,-34,694,659,4
1141,660,965,-10,-24,810,882,721,93,-16,916,1169,14
1296,674,994,-1,-41,601,840,1086,94,-34,828,896,8
1162,577,832,-6,-13,939,693,1250,90,-27,659,1149,12
1237,807,982,-6,-29,1019,1153,1187,64,-43,685,852,1
1123,874,1224,-8,-8,1111,1070,1188,88,-17,509,779,21
1144,897,820,0,-21,876,662,1188,47,-29,1019,1089,3
1230,820,839,-6,-24,1024,1336,748,109,-32,440,686,7
1126,709,1015,-7,-30,730,753,804,64,-28,447,1154,22
1257,671,1097,-12,-20,1117,948,920,75,-11,457,1001,21
1336,632,1259,-14,-41,711,1154,1137,78,-44,1178,706,13
1137,850,1021,-4,-9,928,1183,876,44,-9,518,1008,5
