1349,833,1259,-4,-31,713,655,976,47,-34,590,1159,9
1174,669,1223,-13,-16,713,785,921,89,-42,940,972,24
1128,925,1173,-6,-11,714,929,944,80,-11,706,1033,22
1113,854,1122,-12,-44,671,1165,680,43,-13,1082,707,6
1296,619,803,-7,-7,678,1023,1339,118,-17,778,1086,13
1105,841,1277,-8,-34,1069,1244,970,35,-28,487,784,12
1177,642,1238,-2,-29,1157,1196,939,92,-39,1100,919,11
1202,947,1035,-10,-35,1023,1100,1055,45,-35,888,709,17
1145,901,920,-3,-12,607,1172,1080,34,-44,801,857,21
1128,749,902,-12,-39,776,1133,1320,119,-26,912,1034,15
1334,935,998,-9,-27,847,1079,911,69,-11,1096,681,1
1303,766,1278,-13,-38,773,753,1106,66,-9,848,709,9
1340,918,1128,-2,-15,802,989,1073,70,-12,1151,730,14
1274,965,1068,-9,-40,697,899,1016,52,-28,1119,937,2
1231,861,1162,-7,-28,1123,1325,716,74,-31,522,1160,9
1120,862,1093,-14,-42,874,1327,1093,81,-10,517,965,13
1209,601,801,-14,-43,652,1256,1204,95,-19,969,696,24
1329,898,822,-12,-14,989,931,931,31,-7,1135,1019,21
1233,726,1169,-3,-37,1034,1249,1068,116,-44,854,940,19
1148,954,1202,-11,-13,1039,1114,1309,60,-31,894,742,12
1242,753,1052,-11,-39,679,1319,756,117,-9,609,651,0
1189,591,1063,-12,-26,950,882,664,116,-21,976,780,15
1117,567,887,-11,-32,630,1333,942,56,-33,1192,1008,15
1339,501,1230,-13,-28,602,833,788,44,-11,469,905,4
1253,786,1139,-13,-27,1087,925,1205,41,-18,665,994,7
1188,794,951,-13,-8,1196,675,899,89,-22,601,725,13
1185,869,994,-3,-28,825,789,720,62,-22,1151,828,4
1269,825,1200,-4,-14,812,1274,1318,116,-24,1185,666,14
1142,535,967,-13,-18,1029,1264,741,68,-24,432,804,4
1180,862,985,-7,-32,863,1238,1279,116,-38,1025,777,2
1330,576,969,-3,-10,779,1224,951,95,-43,460,888,14
1143,768,968,-9,-6,1100,1240,1035,54,-42,400,1039,14
1294,643,843,-3,-33,671,670,1107,95,-23,637,743,22
1126,945,995,-11,-14,972,1337,1112,83,-30,440,905,19
1204,682,1096,-14,-16,758,811,672,39,-9,950,964,6
1290,780,1155,-5,-22,850,971,1135,82,-36,739,1059,23
1107,800,857,-10,-28,655,1031,730,58,-22,1030,727,15
1181,905,898,-9,-44,874,1164,738,84,-43,1195,1129,23
1311,593,942,-6,-11,1157,1241,916,76,-24,962,1183,23
1328,927,1298,-14,-5,1061,913,867,78,-37,420,879,6
1242,641,1070,-3,-15,718,1227,970,61,-28,426,874,9
1314,945,1120,-5,-20,699,1033,977,76,-33,961,913,0
1323,977,888,-9,-42,714,963,895,61,-29,431,974,16
1125,541,1205,-10,-23,770,862,1043,88,-15,568,735,2
1143,927,1299,-7,-28,844,695,791,62,-42,510,754,16
1227,706,1261,-3,-9,1106,1277,1063,37,-25,964,865,13
1266,844,810,-7,-34,783,696,1208,57,-36,963,672,2
1192,537,917,-5,-8,794,759,1289,80,-44,1038,1010,6
1225,947,1147,-11,-27,771,1038,699,63,-5,999,1099,1
1120,602,1196,-9,-36,985,1326,1166,30,-39,676,800,4
1213,898,851,-11,-21,1176,811,867,105,-25,706,733,24
1188,660,1222,-9,-11,795,1078,948,60,-42,434,856,4
1231,572,1097,-14,-38,1183,1049,720,30,-17,839,1080,12
1116,964,1139,-12,-28,636,1109,739,88,-30,983,699,4
1261,538,1144,-13,-41,771,1342,1078,47,-14,609,664,5
1267,560,913,-8,-41,785,1016,1104,57,-7,451,1114,8
1102,585,1290,-5,-26,989,852,726,78,-25,801,892,11
1162,720,1291,-5,-8,898,699,1031,75,-39,990,987,23
1280,502,1045,-6,-18,812,964,685,87,-25,1159,673,24
1154,592,911,-3,-8,925,968,766,39,-38,1198,779,12
1116,916,875,-5,-38,1163,970,1309,119,-26,712,995,4
1182,860,969,-14,-7,1017,750,1121,41,-29,604,877,17
1265,816,966,-12,-24,841,1219,679,85,-6,914,688,9
1300,743,985,-14,-31,1043,849,1294,107,-7,819,880,4
1219,799,962,-7,-32,1094,1233,1138,112,-22,1002,758,8
1239,737,844,-5,-37,1107,735,660,70,-27,606,958,11
1103,551,1164,-10,-37,1108,712,896,43,-22,666,1120,23
1138,706,902,-12,-23,1058,988,789,106,-27,920,748,21
1117,817,898,-1,-27,1026,910,1161,71,-39,547,945,11
1287,878,1177,-10,-15,1066,1249,1237,72,-27,743,737,1
1299,994,951,-4,-42,860,868,916,101,-8,848,1028,15
1261,794,855,-13,-40,962,697,1264,98,-31,895,1103,17
1227,767,895,-2,-27,928,660,766,104,-10,1090,1171,6
1188,603,835,-13,-26,869,892,1014,30,-26,580,857,12
1334,657,1243,-10,-12,649,1083,1195,79,-30,743,696,18
1121,902,1138,-5,-35,1150,881,699,79,-26,1185,693,2
1201,777,816,-10,-33,805,763,880,118,-27,1159,988,1
1108,881,1189,-7,-14,736,1074,734,55,-16,1079,1137,17
1308,806,824,-10,-24,1099,1135,1223,107,-40,946,1002,8
1229,675,1298,-2,-5,1045,797,883,97,-25,617,1032,10
1261,672,1263,-7,-33,965,758,1308,47,-13,907,765,7
1203,840,983,-12,-36,831,817,904,49,-11,578,1091,20
1285,623,1076,-10,-17,747,981,868,70,-37,871,733,2
1244,676,850,-9,-33,612,966,1196,94,-37,1014,840,10
1102,775,963,-7,-22,870,1042,1218,50,-29,1011,692,10
1135,616,877,-8,-29,957,1190,1205,112,-32,421,797,15
1329,852,1165,-3,-7,1181,1123,1338,72,-40,574,928,4
1233,620,1230,-6,-24,993,920,827,75,-24,923,1173,8
1165,656,1079,-10,-44,979,1118,1003,61,-16,1058,827,8
1175,616,1022,0,-30,1040,1152,1295,92,-38,618,1168,22
1270,797,1181,-8,-28,882,1085,1172,35,-33,709,1066,7
1256,943,1050,-5,-20,1045,784,684,108,-7,750,1080,4
1109,631,1190,-11,-12,1129,924,766,70,-10,912,811,17
1257,790,1077,-6,-37,1028,901,1036,44,-39,872,898,10
1299,804,1269,-9,-8,1065,680,1066,62,-44,779,1081,7
1152,965,1091,-10,-37,837,1049,1214,64,-22,417,1061,16
1197,608,885,-7,-10,752,970,1030,97,-36,908,891,7
1133,503,1285,-10,-36,724,857,1294,117,-18,510,936,23
1191,929,913,-8,-18,1199,989,838,37,-5,958,880,3
1251,641,1007,-1,-18,856,1278,911,95,-18,462,957,16
1300,663,1209,-7,-14,1060,898,834,34,-21,775,770,6
1107,731,875,-5,-11,680,708,970,119,-19,758,690,23
1149,749,1183,-14,-17,618,1100,883,94,-37,620,966,6
1230,572,969,-4,-20,876,854,877,106,-11,688,1061,24
1120,944,1162,-2,-37,1179,786,800,76,-36,764,769,24
1158,992,1191,-11,-44,935,976,781,73,-19,1107,782,16
1252,800,812,-1,-26,897,658,1072,92,-30,959,874,2
1160,955,873,-5,-44,1033,1168,797,53,-5,420,696,7
1108,589,954,-7,-33,796,687,1071,56,-20,901,699,3
1123,883,889,-4,-35,1011,838,1163,58,-19,1054,791,6
1117,738,1213,-9,-12,1027,1260,748,52,-33,639,1128,2
1179,730,1158,-11,-31,1144,758,1107,46,-28,776,811,23
1277,810,1121,-12,-33,822,743,683,109,-13,514,997,6
1279,749,981,-1,-31,1091,679,702,37,-21,1189,737,0
1292,801,1078,-14,-11,1128,734,896,90,-44,1004,1079,23
1288,530,1108,-12,-11,1097,1229,1112,74,-30,699,1079,2
1251,657,1295,-3,-33,934,931,1174,100,-9,989,1012,6
1287,856,1141,-12,-13,913,719,849,56,-31,933,1085,11
1128,915,1033,-8,-19,646,969,1148,92,-43,404,831,9
1121,737,903,-12,-40,633,1192,936,94,-19,416,925,18
1152,664,851,-5,-12,1057,1338,916,105,-28,557,967,2
1200,855,1199,-13,-23,1020,1312,927,61,-36,805,770,0
1175,633,1202,-10,-13,1112,1103,855,114,-40,869,1122,5
1138,640,842,-7,-13,1003,761,1200,55,-15,712,978,22
1134,898,979,-10,-40,1012,1081,1120,115,-10,433,1108,8
1197,590,1009,-6,-16,685,1305,1182,32,-8,558,1133,11
1164,973,1008,-3,-9,894,810,899,116,-40,892,852,1
1317,750,1175,-4,-27,858,696,1000,109,-20,736,1168,0
1223,547,996,-6,-11,868,650,746,116,-37,944,749,12
1263,515,927,-9,-18,613,987,731,112,-41,771,1052,5
1241,807,1112,-9,-6,967,1214,1083,84,-12,1136,1023,11
1209,767,1112,-8,-44,1146,1061,1050,40,-40,891,703,23
1146,830,1024,-13,-6,1025,795,1268,79,-40,966,824,11
1205,536,828,-11,-19,683,781,988,79,-11,550,1116,15
1308,940,1002,0,-39,1142,1288,1289,118,-23,1080,1104,17
1220,781,1161,-4,-15,1034,1341,677,69,-8,848,761,24
1344,787,1009,-13,-25,916,941,843,92,-26,1111,1118,6
1187,784,1204,-5,-42,788,1112,1177,80,-18,550,1056,15
1153,657,864,-7,-44,877,1082,934,66,-33,1130,1072,15
1299,680,1168,-5,-37,694,1281,990,61,-8,1160,873,23
1306,648,816,-14,-40,1014,1186,1281,97,-42,477,982,5
1165,699,1018,-4,-9,1165,1036,979,58,-43,589,747,12
1253,559,956,-6,-17,942,973,1025,90,-42,419,1050,5
1143,720,819,-10,-32,799,681,1080,55,-12,568,671,19
1119,888,1282,-8,-25,807,946,1178,112,-12,516,1070,18
1134,664,954,-6,-33,1137,996,977,75,-18,1025,1039,17
1191,624,809,-5,-20,1008,1030,988,43,-22,940,988,13
1215,767,1214,-10,-24,1050,1167,1212,89,-30,516,934,12
1173,939,1084,-12,-26,877,1193,985,117,-30,902,967,8
1228,593,976,-4,-16,766,709,917,94,-14,749,1183,0
1214,606,1237,-1,-16,1037,1180,997,38,-40,647,903,10
1119,653,809,-8,-22,647,961,715,103,-26,964,707,0
1185,527,936,-9,-19,1116,1080,1206,99,-34,437,1122,22
1175,986,947,-1,-11,1116,1036,756,79,-19,578,779,5
1193,645,1001,-14,-35,1076,1143,872,115,-10,605,1014,14
1342,574,866,-12,-12,925,1033,1180,44,-36,981,738,16
1339,653,836,-3,-15,899,738,723,48,-40,1078,1094,15
1332,950,970,-9,-44,703,1191,685,118,-10,1163,1124,0
1135,643,1273,0,-29,989,1113,1290,71,-18,582,915,0
1109,998,944,-10,-25,822,1305,886,106,-21,403,1192,15
1247,894,1058,-4,-43,912,1149,1323,102,-6,420,769,19
1134,977,1232,-5,-33,1091,1193,900,80,-14,1070,904,10
1285,871,846,-6,-28,790,782,1167,114,-23,496,802,15
1194,568,820,-8,-34,684,838,1196,54,-14,911,721,15
1338,614,1000,-2,-38,979,814,966,79,-37,803,722,19
1206,635,1050,-7,-15,1128,1278,860,116,-20,1177,713,10
1309,709,1232,-14,-15,798,848,1330,36,-14,1066,993,7
1268,599,1050,-5,-30,865,969,1202,88,-32,636,783,20
1145,517,897,-3,-37,993,981,1175,30,-23,721,784,2
1126,614,815,-8,-23,974,787,1079,102,-44,692,1135,18
1308,881,1074,-7,-39,670,1052,860,35,-44,1199,678,20
1243,647,975,-3,-21,886,836,829,103,-29,876,814,12
1122,878,1236,-3,-5,1088,1191,1125,88,-31,496,744,12
1340,695,1227,-7,-27,1112,684,1252,114,-6,645,1066,9
1249,813,1005,0,-44,1194,877,669,77,-11,1145,907,13
1237,516,1159,-6,-35,654,1081,932,36,-34,732,1046,20
1133,680,837,-10,-33,1075,1228,882,62,-43,533,764,6
1135,506,1052,-4,-18,909,789,1001,108,-44,498,1129,9
1298,527,1035,-5,-37,607,1291,689,72,-40,631,1061,22
1202,733,1225,-9,-39,1064,1230,1210,73,-6,568,1145,13
1343,705,1224,-10,-18,948,1228,1038,63,-33,494,715,9
1341,744,1104,-6,-10,1074,706,1341,111,-33,657,1086,24
1343,730,1253,-9,-16,1026,1098,885,116,-13,1130,698,12
1133,556,1113,-1,-29,1019,900,1251,38,-29,1089,1105,24
1147,808,800,0,-33,992,1192,901,43,-31,1070,1091,10
1321,666,1223,-7,-6,858,977,711,56,-16,614,775,24
1103,677,1185,-9,-35,1168,743,1342,91,-25,482,764,14
1143,645,1195,-5,-41,915,657,956,36,-10,474,751,21
1337,787,1026,-10,-7,671,944,944,73,-27,674,702,11
1203,809,866,-12,-7,659,939,1039,95,-44,1141,839,18
1135,566,1267,-11,-36,758,1012,1091,54,-35,1128,916,2
1348,666,1022,-8,-18,685,797,812,89,-10,692,980,1
1299,849,995,-11,-28,1062,1321,1200,83,-13,661,1020,13
1290,633,1064,-11,-16,640,1216,1227,54,-35,1189,1169,3
1128,961,1171,-8,-9,1096,776,676,100,-26,483,939,5
1239,599,890,-11,-16,1157,1250,857,80,-17,503,1159,17
1312,531,853,-14,-30,1113,1044,1017,61,-24,945,1136,2
1117,944,1021,-11,-38,661,1222,1085,51,-40,498,1191,18
1232,899,903,-9,-36,835,659,938,49,-38,834,984,11
1113,626,1210,0,-34,1164,1094,707,43,-18,809,1057,0
1156,910,1243,-8,-14,622,979,774,116,-26,1067,844,19
1278,509,1147,-6,-43,715,1270,913,73,-31,775,952,12
1278,739,1121,-8,-11,882,1159,774,107,-23,563,1133,21
1302,518,947,-6,-28,1087,908,1012,85,-35,1101,847,6
1277,622,830,-5,-35,665,792,1033,115,-7,1072,1196,12
1334,872,1077,0,-8,855,924,1220,84,-34,1002,1141,18
1198,942,1128,-7,-12,874,1136,896,65,-39,743,740,3
1148,529,1173,-1,-31,891,900,967,106,-25,694,693,20
1342,596,1210,-8,-5,618,738,887,79,-14,1093,1025,10
1137,939,824,-4,-17,944,1040,845,52,-44,1185,657,21
1123,529,1183,-11,-11,1087,763,1242,31,-14,727,732,15
1151,836,841,-3,-27,741,793,1169,58,-8,800,1058,5
1263,990,1006,-3,-17,822,1008,1296,75,-10,992,940,13
1290,939,1216,0,-5,705,1088,1204,35,-9,1063,1023,11
1135,593,1168,-13,-16,626,901,1233,64,-23,734,713,5
1348,763,961,-2,-35,898,670,793,32,-27,671,1163,6
1257,993,879,-9,-25,983,751,835,92,-8,888,764,10
1107,597,804,0,-9,628,744,660,89,-17,541,1090,22
1267,663,813,-8,-37,708,1161,821,33,-6,1002,917,5
1317,608,1125,-8,-18,1177,977,942,65,-18,1056,793,10
1240,759,986,-14,-22,950,895,727,52,-30,1189,713,17
1290,590,894,-6,-23,1019,1337,704,97,-26,536,1075,16
1333,554,1171,-9,-29,1173,810,1056,104,-17,427,867,23
1111,648,1111,-7,-35,838,1035,1207,43,-23,965,783,10
1248,616,1243,-11,-8,892,1298,917,87,-40,787,663,16
1110,738,890,-8,-28,1091,1068,1015,38,-11,740,1078,18
1305,678,1171,-3,-33,705,978,785,74,-23,936,876,4
1291,882,1289,-14,-42,612,721,1041,64,-11,1090,1071,10
1252,989,972,-8,-26,1071,1129,877,98,-33,693,945,10
1123,837,1112,-2,-25,872,933,845,117,-27,525,1117,11
1185,874,1106,-2,-43,922,661,1332,100,-43,1025,944,10
1271,979,1141,-1,-44,650,1342,786,88,-33,1146,823,18
1307,677,825,-1,-20,1108,758,1055,43,-41,946,747,17
1136,503,891,-4,-19,912,844,1140,109,-35,1084,914,7
1136,911,808,-4,-22,831,1174,1209,75,-11,645,1105,24
1110,782,1195,-8,-24,1124,660,850,86,-19,1077,773,10
1109,874,1239,-3,-17,965,868,1031,71,-16,1056,654,1
1252,806,997,-3,-29,854,1200,932,97,-36,987,1114,16
1163,938,1265,-4,-15,825,972,1343,76,-29,1134,1003,19
1160,547,1258,-6,-32,1027,765,869,106,-24,752,1197,19
1231,514,810,-4,-42,1095,765,1284,95,-16,709,929,16
1332,693,1089,-8,-22,1145,1181,1268,41,-26,585,901,24
1133,979,872,-6,-37,991,936,838,98,-10,614,760,12
1337,653,1144,-4,-16,1016,1005,1161,119,-30,964,806,2
1337,801,1033,-2,-33,777,1343,862,86,-17,562,1038,5
1103,525,1230,0,-21,979,694,1255,112,-13,633,983,23
1207,615,992,-14,-13,900,940,932,47,-28,973,1165,11
1156,614,899,-3,-42,1066,1259,1044,117,-20,892,1189,15
1134,541,874,-14,-25,668,894,937,81,-6,655,961,12
1191,563,1211,-5,-37,902,756,1050,33,-43,719,928,17
1122,684,942,-9,-22,827,789,807,102,-28,469,1002,6
1228,750,974,-13,-24,1078,986,1090,41,-40,477,725,6
1127,967,927,-3,-33,618,761,656,94,-18,1198,1081,0
1271,996,1205,-13,-14,1116,754,693,65,-15,466,757,8
1319,649,845,-8,-36,738,986,1128,64,-29,917,677,18
1240,745,1247,-13,-11,1172,973,1050,85,-10,756,909,8
1323,641,898,-11,-6,712,1171,802,106,-38,1018,1033,15
1308,732,1055,-11,-30,823,1349,1017,34,-19,868,720,20
1114,523,951,-14,-19,989,1182,1343,81,-28,1131,656,23
1181,665,977,-10,-19,1028,895,1254,78,-29,891,1099,24
1147,802,1011,-2,-16,1124,754,1081,80,-6,404,838,6
1216,872,1070,-2,-16,793,852,1054,47,-8,693,1196,21
1242,793,1032,-4,-40,965,1121,1161,32,-28,1196,751,17
1139,537,1297,-6,-39,633,1253,998,95,-8,1177,1020,10
1160,768,886,-11,-32,1197,1004,698,37,-33,1017,1112,10
1130,889,1033,-1,-19,604,952,1296,83,-35,1117,921,21
1302,694,1117,-11,-22,895,1336,946,77,-36,607,927,14
1331,868,843,-2,-6,1176,920,1181,46,-40,1068,788,4
1106,535,901,-7,-41,637,1078,991,108,-25,667,751,4
1121,579,1253,-3,-9,1026,1041,944,56,-34,595,743,10
1148,579,1020,-6,-31,988,684,987,92,-7,790,820,12
1235,721,1209,-2,-21,976,856,986,65,-24,664,1146,21
1103,937,808,-1,-32,852,722,1299,45,-18,815,652,6
1253,997,1294,-13,-23,1190,931,1174,105,-24,989,1079,14
1176,977,827,-14,-13,664,1015,743,53,-26,709,1076,19
1225,687,1157,-12,-5,895,972,853,54,-34,862,1110,5
1176,551,1136,-2,-28,860,1173,701,89,-22,927,713,21
1349,664,803,-12,-39,1156,1152,1190,109,-32,920,761,19
1160,786,928,-1,-44,753,1121,1138,103,-27,587,1133,5
1218,805,1042,-11,-34,885,944,999,79,-18,1123,1180,8
1222,690,1003,-2,-43,614,872,934,79,-5,819,884,8
1214,918,980,-6,-29,997,678,1071,111,-16,582,806,22
1247,935,826,-4,-31,1139,949,884,61,-34,410,826,15
1274,859,1037,-13,-33,695,1151,815,63,-18,568,915,16
1264,848,1268,-2,-38,654,802,1122,71,-32,1075,870,17
1349,625,843,-14,-41,758,1024,949,101,-44,992,834,24
1131,800,1084,-4,-42,729,1223,1081,47,-15,932,1062,21
1348,731,945,-9,-25,927,785,1309,115,-25,1089,807,20
1210,636,1058,-6,-21,827,666,759,66,-25,744,956,15
1266,734,946,-11,-9,1090,1235,995,117,-18,746,653,19
1200,825,988,-8,-17,966,1031,1199,109,-11,649,691,21
1139,719,1246,-2,-38,684,1133,788,99,-38,826,1054,24
1334,834,818,0,-33,889,872,1041,89,-38,586,922,17
1169,735,1165,-9,-19,629,1178,745,83,-44,865,825,16
1274,551,1293,-13,-16,676,1201,1114,43,-36,1196,914,15
1234,909,968,-12,-14,961,1069,998,44,-16,695,754,5
1111,981,876,-12,-28,866,898,883,116,-35,437,1155,10
1296,721,1064,-4,-40,781,1237,1140,38,-39,709,1107,20
1340,652,1085,-1,-41,610,1082,1267,108,-11,566,1092,12
1247,751,1248,-5,-10,900,878,766,63,-14,965,894,21
1289,988,1122,-14,-30,634,1309,755,71,-34,1002,1044,13
1183,534,1189,0,-44,750,896,1191,119,-5,869,669,13
1116,923,920,-9,-12,825,910,1089,92,-6,1038,1049,14
1206,556,832,-3,-38,755,970,734,114,-19,471,1050,9
1337,863,971,-10,-41,1073,1250,1123,104,-23,655,781,3
1278,733,1279,-3,-29,650,1221,767,69,-39,479,919,23
1185,843,1219,-10,-17,1030,948,1316,59,-38,1105,832,17
1233,789,835,-13,-14,760,1222,1316,98,-33,701,737,23
1317,815,1273,-1,-13,613,781,1119,106,-37,477,970,4
1273,683,810,0,-15,1159,1230,676,111,-8,1031,960,3
1323,709,859,-3,-37,1006,650,1107,109,-11,410,801,5
1244,647,884,-3,-43,1007,1244,1147,108,-35,755,980,16
1181,911,1036,-14,-26,1026,678,772,34,-15,1034,702,19
1347,848,980,-7,-31,937,1339,1095,113,-41,778,1129,1
1176,720,871,-3,-29,843,961,831,101,-7,540,925,4
1124,533,1198,-7,-9,1130,719,809,103,-33,849,1092,21
1337,735,1217,-8,-10,888,906,1073,115,-21,753,1062,8
1244,526,995,-14,-20,728,657,1262,48,-31,806,821,2
1111,752,1151,0,-17,802,899,1258,106,-6,1034,668,22
1107,813,1122,-10,-5,790,671,1097,86,-35,1160,718,21
1126,944,898,-11,-23,683,835,1221,102,-33,1140,1077,17
1213,631,810,-10,-26,701,1295,1277,59,-9,433,986,16
1254,969,1293,-13,-24,1131,690,814,69,-28,1032,1139,5
1112,751,1042,-2,-9,729,968,1137,33,-11,824,716,13
1329,509,1215,-6,-9,1067,941,977,113,-38,597,1174,17
1143,700,1233,-6,-33,1055,1143,1330,118,-30,981,1014,17
1252,532,1021,-3,-34,679,1343,1042,97,-23,798,1119,17
1346,720,1073,-6,-16,1119,1154,751,86,-39,450,956,3
1313,845,1092,-1,-5,1079,916,1175,49,-43,1062,943,21
1140,911,844,0,-5,944,1204,1348,83,-13,734,739,1
1114,715,1047,-9,-19,1017,1187,1330,61,-7,987,723,21
1132,650,1269,-1,-26,714,771,1000,61,-30,966,1126,21
1338,577,825,-9,-8,751,1093,943,77,-34,1180,682,4
1339,520,1297,-6,-39,1113,687,731,45,-43,407,974,3
1224,995,1261,0,-37,912,844,1107,52,-29,1138,826,3
1225,593,1089,-13,-31,1075,1139,955,74,-25,447,866,0
1218,953,970,-2,-15,665,1185,1048,48,-28,794,874,20
1226,978,993,-7,-12,792,1033,734,109,-21,584,1019,21
1304,669,913,-11,-5,849,789,1218,53,-11,768,1002,23
1176,609,1020,0,-34,1069,652,1118,58,-40,951,1018,6
1238,985,947,-10,-40,856,866,722,62,-31,1026,978,2
1291,723,1032,-6,-9,698,997,1170,104,-22,1189,683,1
1200,525,1106,0,-24,649,1305,749,78,-42,1047,750,1
1171,557,1174,-6,-31,1022,926,1151,71,-13,1088,759,16
1227,827,882,-6,-36,811,744,1324,44,-22,466,718,12
1117,659,1224,-13,-8,667,688,1340,94,-24,983,1016,5
1248,940,1205,-3,-28,844,772,967,90,-42,1098,718,10
1120,534,1153,-6,-32,1031,1041,1347,55,-39,696,990,21
1156,656,826,-5,-37,863,921,980,71,-21,1090,758,22
1344,924,1100,-4,-35,716,1134,985,110,-42,526,1054,13
1116,882,975,-7,-22,1018,1110,1111,39,-5,606,1122,19
1108,797,1090,-14,-28,664,1201,763,116,-31,1028,730,18
1148,672,1209,-2,-18,701,852,786,118,-11,638,842,24
1197,972,1257,-8,-25,891,1228,1135,89,-25,1118,690,13
1304,652,1077,-3,-22,1143,1074,1042,62,-41,728,791,3
1314,711,905,-1,-8,1017,656,979,87,-21,731,932,2
1118,933,1030,-5,-12,1189,1179,1054,34,-29,995,1012,15
1152,893,1188,-12,-28,1045,755,828,93,-30,903,663,1
1235,570,848,-1,-28,1184,1233,1120,65,-19,1022,1029,1
1342,611,1123,-8,-18,687,730,718,106,-41,948,1019,8
1343,870,1299,-5,-38,905,1272,979,63,-38,1126,681,6
1201,872,1229,-2,-12,1185,1008,1000,88,-37,671,825,24
1206,526,1053,-7,-40,1012,1090,1093,53,-44,1055,992,18
1100,680,907,-13,-33,849,1291,935,47,-42,1116,704,16
1315,516,822,-13,-14,1090,1031,1271,59,-41,1050,697,18
1291,548,1025,-11,-21,1150,1245,1262,55,-31,430,1001,14
1313,841,1105,-6,-38,941,734,1181,99,-15,569,1136,22
1249,636,1066,-4,-21,712,672,1331,67,-8,823,837,6
1328,653,1041,-10,-30,1146,825,1065,98,-40,1126,739,22
1154,657,912,-13,-15,603,697,784,31,-18,855,839,4
1113,860,1141,0,-14,1020,845,1185,102,-16,829,999,18
1338,943,1246,-12,-37,660,1149,1330,75,-35,684,1018,12
1285,533,855,-5,-19,1147,1224,981,118,-37,1137,820,12
1336,658,833,-13,-32,861,843,740,115,-29,557,975,15
1114,502,1075,-12,-36,704,663,661,58,-39,741,660,19
1175,629,1069,-9,-42,942,1319,1304,41,-27,1198,1132,24
1240,931,1103,-11,-32,1032,1277,899,84,-24,1182,914,21
1243,711,1111,-3,-9,1042,1223,830,48,-39,625,1156,11
1256,849,1200,-10,-42,990,1329,1095,96,-43,511,751,9
1279,935,1286,-2,-27,953,682,706,100,-14,1177,1194,14
1140,585,856,-11,-17,1074,658,1214,52,-33,1039,683,8
1349,581,832,-12,-29,730,942,732,49,-20,427,1179,9
1185,665,1151,0,-17,1119,1309,1187,41,-11,534,668,10
1173,880,901,-11,-28,1067,958,1119,35,-34,561,681,7
1292,860,1131,-2,-12,735,1155,738,37,-44,567,976,1
1189,869,1199,-5,-15,1099,989,1274,32,-16,485,1096,2
1136,969,1198,-4,-35,848,1241,964,111,-11,422,656,5
1207,712,1224,-3,-26,630,731,962,85,-28,490,756,3
1231,946,832,0,-11,1110,1135,699,119,-28,1114,1083,19
1180,592,1177,-9,-18,1106,749,920,75,-29,926,660,19
1313,946,1059,-11,-11,1042,1078,688,93,-33,570,918,18
1170,741,1177,-10,-18,607,748,748,37,-34,612,1129,8
1130,598,1046,-6,-13,745,920,1308,77,-23,538,699,0
1290,720,876,-7,-10,620,696,1199,87,-26,1004,808,16
1346,965,1095,-8,-28,616,927,792,117,-17,597,969,20
1306,720,1145,-5,-22,707,1343,859,85,-11,519,688,7
1108,903,1109,-8,-39,803,1288,1112,89,-9,1063,1129,5
1327,922,1019,-14,-38,1089,1098,702,117,-41,901,1133,2
1246,836,925,-3,-38,971,737,745,119,-34,439,974,16
1275,767,1124,-5,-42,746,1104,670,58,-35,718,922,7
1342,917,1071,-9,-29,948,1069,833,101,-40,538,860,23
1230,909,1200,-7,-32,1090,737,1014,33,-20,1079,805,11
1319,999,1066,-2,-43,1089,894,691,48,-16,626,737,7
1279,677,1018,-6,-20,623,1151,952,106,-27,599,951,6
1290,737,966,-13,-15,613,708,909,85,-18,646,1046,8
1260,580,915,0,-11,1192,728,1290,82,-35,505,819,20
1180,644,1161,-13,-38,793,1198,813,110,-5,759,675,13
1150,802,1294,-14,-22,612,1314,802,92,-40,982,773,23
1176,596,974,-4,-14,1160,929,1235,43,-38,1145,809,2
1155,906,1076,-13,-41,997,1183,741,119,-42,1168,1157,21
1292,965,1292,-13,-37,766,1091,1320,105,-36,580,1057,23
1297,797,972,-2,-25,1153,716,1157,87,-14,576,785,17
1311,819,1084,-1,-40,1142,1064,1306,66,-6,742,1066,19
1259,969,1212,-13,-26,907,1311,700,82,-36,777,1017,23
1298,751,1124,-14,-36,1193,1345,1019,71,-20,749,1081,12
1238,576,833,-13,-14,945,1111,1059,117,-27,848,879,22
1102,684,1192,-1,-11,1147,1220,693,81,-36,1156,1108,14
1349,837,982,-9,-25,653,1233,911,89,-26,821,804,24
1159,901,902,-1,-29,724,1133,1252,88,-42,716,1148,4
1201,675,1078,-8,-37,900,749,1121,102,-12,779,1071,24
1145,599,821,-7,-18,1178,1233,670,41,-39,1064,659,21
1170,552,914,-6,-15,626,760,1183,95,-9,997,792,16
1124,551,815,-7,-11,762,1254,863,31,-11,761,717,24
1225,632,841,0,-20,995,1329,1286,46,-30,1022,1083,20
1160,698,1135,-14,-14,1162,1020,944,116,-40,488,980,9
1192,745,1108,-10,-25,655,1025,1325,65,-17,997,996,10
1272,838,1283,-7,-19,967,1250,1125,92,-34,814,940,11
1166,847,905,-6,-35,654,939,1145,105,-12,836,973,9
1112,821,1229,0,-40,701,707,727,105,-27,758,724,21
1161,608,940,-9,-39,626,764,1311,116,-5,885,834,12
1115,948,1248,-9,-23,740,1164,1296,49,-32,523,809,4
1285,901,942,-1,-35,742,840,710,55,-29,1067,812,15
1311,649,960,-5,-21,816,806,1336,113,-27,753,864,8
1336,764,1286,-13,-25,689,1282,1103,41,-6,1168,813,3
1228,722,1155,-13,-15,735,1295,921,38,-20,613,980,4
1263,740,941,-6,-39,1018,887,1174,78,-10,625,685,13
1249,997,867,-2,-12,1038,1237,1312,69,-40,515,1004,19
1255,820,1154,0,-13,983,1215,777,118,-6,568,1025,19
1279,584,1295,-11,-15,650,771,1105,68,-41,437,1119,22
1202,514,1281,-5,-17,755,800,878,80,-7,402,670,8
1108,818,1031,-11,-39,846,1050,1269,47,-8,470,1054,11
1311,533,949,-1,-36,969,835,719,73,-41,981,985,16
1263,958,926,-12,-30,693,1056,812,51,-17,696,959,17
1184,625,1185,-12,-23,870,1023,1246,48,-13,623,1131,23
1126,835,1073,-4,-17,865,1191,1213,52,-11,772,788,11
1115,717,1008,-14,-43,816,1199,663,38,-8,628,997,24
1178,951,987,-14,-8,932,1015,838,37,-42,828,777,19
1123,804,810,0,-22,1109,945,1093,68,-35,500,1131,4
1158,740,1206,-2,-37,783,968,1112,110,-27,677,1016,13
1246,641,1017,-13,-32,1131,1161,803,118,-41,568,1055,21
1342,979,1194,-7,-18,883,880,932,37,-8,413,665,23
1194,537,961,-12,-14,975,1071,1169,39,-26,829,862,8
1328,550,1175,-14,-7,1087,1127,728,38,-24,1171,800,17
1182,963,1110,-5,-36,732,1064,716,97,-23,937,1175,7
1295,816,1137,-5,-18,715,934,1045,116,-36,979,1117,23
1253,978,1001,-12,-32,924,1042,980,100,-5,987,720,6
1229,983,876,-5,-19,1163,885,1108,39,-23,828,1064,23
1193,878,1061,-6,-9,927,1183,763,65,-22,834,1112,17
1220,899,816,-6,-36,868,977,1025,87,-9,880,696,18
1288,524,815,-1,-17,724,928,761,100,-15,873,1113,6
1137,635,1022,0,-25,608,996,926,72,-19,997,1150,20
1289,814,1170,-14,-6,640,1335,960,30,-29,821,1177,4
1150,663,1031,-3,-15,927,862,1203,37,-19,419,931,10
1298,958,827,-12,-5,961,923,1217,116,-21,620,798,5
1209,989,857,0,-29,1048,950,1306,45,-31,509,673,20
1343,718,1062,-14,-20,1077,1079,962,42,-10,1150,986,0
1216,749,1074,-6,-21,813,1309,770,50,-25,900,849,8
1233,614,824,-7,-6,921,900,936,43,-23,1143,739,9
1176,983,1023,-5,-13,1056,656,1056,92,-34,988,690,19
1279,988,1240,-14,-18,710,863,737,91,-27,762,1150,23
1184,668,1056,-12,-16,835,914,758,86,-20,736,930,18
1268,524,1207,-3,-34,696,1237,838,76,-26,1049,1084,24
1297,682,1079,-11,-22,1162,1178,1295,98,-13,522,791,13
1315,646,1126,-9,-11,671,757,1336,66,-23,725,956,7
1271,897,1223,-8,-37,990,923,1027,56,-13,942,1173,23
1318,912,1015,-2,-22,715,871,1094,88,-6,438,1014,3
1268,903,1270,-9,-23,991,964,1056,87,-5,849,711,5
1213,745,1073,-1,-36,1025,908,904,87,-8,635,840,0
1269,533,841,-5,-35,892,984,911,65,-20,870,944,1
1336,541,1018,-2,-6,667,1089,863,106,-10,443,754,6
1126,708,1078,-6,-25,1113,891,724,43,-20,935,799,5
1258,729,1200,-6,-31,707,980,773,49,-8,1024,731,23
1284,778,1116,-2,-16,994,1187,1188,105,-42,661,1007,15
1156,688,1250,-10,-16,976,953,880,113,-8,956,1059,20
1196,959,1097,-14,-42,876,1290,881,74,-20,615,973,19
1101,916,890,-6,-21,689,968,697,67,-26,497,845,9
1300,953,966,-11,-32,1116,1290,1206,109,-30,957,1183,15
1201,507,1223,-7,-39,775,1248,1270,70,-18,1166,658,0
1265,867,878,-13,-12,612,1312,1174,60,-15,764,656,10
1228,827,895,-2,-11,692,715,866,63,-25,560,972,21
1311,800,829,-2,-38,824,1010,1129,107,-39,641,829,22
1114,905,1020,-3,-17,745,1011,850,39,-17,984,666,2
1224,801,805,-10,-30,1060,678,746,50,-10,821,1194,23
1300,849,906,-5,-33,1152,802,1169,114,-23,949,752,12
1216,722,1009,-11,-16,1099,680,1127,48,-6,616,957,7
1265,838,826,-14,-9,936,690,1049,65,-23,990,727,7
1274,843,995,-11,-24,1024,715,1116,101,-22,1113,914,3
1203,818,930,-9,-17,1183,1061,664,91,-44,811,757,17
1292,813,1211,-6,-18,640,736,1165,44,-8,414,670,12
1144,751,920,-2,-11,627,739,1157,76,-23,928,882,6
1131,855,1013,-14,-19,834,1055,1298,94,-13,711,896,21
1281,681,848,-2,-8,1169,718,891,81,-40,904,653,16
1182,663,813,-11,-14,902,1111,1229,90,-43,1150,879,16
1279,968,1268,-2,-27,1136,850,1086,31,-37,1107,988,5
1172,875,1104,-3,-27,922,814,1035,68,-19,708,672,4
1145,835,821,0,-22,653,868,1189,117,-34,824,1120,19
1140,810,931,-5,-18,1093,1210,1201,50,-11,977,987,5
1215,767,1177,-6,-15,1117,916,779,41,-15,501,1174,10
1330,710,830,-6,-40,1035,1149,757,82,-33,1051,893,16
1305,821,1146,-1,-14,890,1223,1299,112,-25,970,895,17
1334,821,805,-1,-26,1025,902,912,95,-27,573,823,23
1320,541,1035,-11,-24,1063,930,879,79,-12,1173,845,1
1127,981,990,0,-30,1064,826,771,97,-9,762,782,8
1304,771,852,-1,-39,1129,1318,971,111,-15,985,1107,8
1286,894,984,-9,-14,918,864,1332,42,-37,588,1166,14
1141,526,992,-13,-17,723,1225,758,84,-21,662,938,8
1172,624,808,-5,-24,623,1238,947,42,-8,615,929,1
1264,618,1295,-1,-38,788,723,1297,68,-17,902,965,7
1104,854,1054,-4,-44,756,1337,660,81,-40,441,858,2
1232,641,1196,-4,-23,1086,1150,656,72,-25,1124,811,3
1198,632,990,-6,-37,931,664,1310,38,-15,873,882,13
1320,618,1101,-8,-16,1106,1257,779,55,-13,695,1140,20
1232,994,1011,-9,-41,1106,1196,973,33,-35,728,745,14
1314,989,891,-14,-40,918,1265,901,112,-29,521,719,6
1116,770,936,-10,-17,1113,851,897,61,-35,592,715,3
1253,902,977,-7,-20,1133,1286,1113,61,-33,733,1019,17
1225,558,992,-8,-43,660,1081,998,108,-36,638,1109,16
1157,767,863,-6,-6,1038,841,708,57,-43,736,756,16
1337,614,1197,-8,-9,826,1241,1016,76,-16,565,1003,0
1221,604,829,-1,-31,651,1129,917,96,-34,621,810,22
1343,760,1111,-9,-14,992,932,1087,36,-24,897,954,0
1249,700,1187,-12,-27,963,1081,720,33,-9,943,907,0
1204,639,1044,-6,-29,954,868,1073,119,-20,904,697,3
1209,670,989,-11,-39,1192,981,769,45,-11,1011,716,16
1343,814,894,-4,-43,639,869,1036,33,-39,794,960,9
1182,521,1006,-7,-8,728,999,885,116,-6,1184,840,20
1131,562,1155,-14,-35,855,1015,1175,31,-20,703,1007,20
1340,697,908,-10,-32,735,696,1061,105,-26,797,667,7
1230,674,1289,-7,-7,1104,868,988,80,-11,651,825,6
1212,897,856,-4,-16,785,912,1337,63,-30,964,988,1
1154,932,1047,-1,-10,1126,1114,1281,68,-11,1030,936,20
1336,671,1270,-1,-23,827,661,1300,76,-36,551,688,24
1294,663,1004,-13,-16,738,1090,1299,95,-30,1153,712,11
1224,933,1075,-5,-26,709,887,1217,41,-41,499,900,2
1241,711,1144,-12,-23,945,903,853,111,-43,1109,1046,13
1225,920,1035,-7,-13,973,777,1143,90,-11,663,875,1
1311,593,1011,-9,-16,982,1279,947,93,-31,1027,1098,13
1140,627,1281,-8,-43,1004,1124,1182,52,-38,660,705,7
1324,731,1074,-13,-31,710,913,795,49,-5,901,791,16
1321,962,1189,-7,-15,666,1073,983,53,-32,540,859,8
1281,911,1227,-3,-31,875,873,1195,85,-31,796,1171,21
1189,731,992,-2,-25,895,805,920,74,-43,664,916,12
1327,775,1177,-4,-22,1138,843,833,93,-36,1027,928,19
1242,961,1107,-11,-37,1173,1067,759,32,-44,965,1186,5
1179,545,1265,-12,-32,1080,669,686,33,-7,735,975,4
1136,562,866,-9,-6,680,698,1222,38,-6,516,798,7
1290,723,1035,-10,-14,693,1073,1075,41,-34,681,861,11
1343,961,923,-7,-31,887,1017,1090,90,-34,842,886,22
1131,680,1087,-2,-40,1188,1024,1309,79,-24,941,798,7
1347,820,862,-12,-9,769,990,1089,53,-18,1130,974,13
1347,969,1159,-8,-43,632,821,841,58,-8,1031,908,16
1338,863,879,-11,-9,779,924,772,83,-28,494,1036,8
1198,852,1051,-5,-18,769,976,655,109,-24,784,998,5
1161,557,820,-8,-9,961,828,749,107,-33,588,744,10
1242,810,982,-4,-26,1163,1171,1311,116,-9,635,721,14
1209,967,900,-3,-7,780,919,955,74,-8,670,1171,21
1259,956,938,-5,-38,1093,1261,1227,110,-26,922,948,24
1162,552,1093,-4,-31,672,1118,678,98,-33,772,998,12
1138,712,1164,-13,-24,616,1074,1054,43,-32,1128,1056,18
1197,870,956,-8,-13,885,753,1230,67,-13,1011,883,0
1346,848,825,-9,-8,767,767,691,80,-23,1153,720,16
1106,965,875,-11,-21,983,913,797,46,-25,784,1145,21
1197,783,1183,-11,-20,1087,902,1047,80,-40,490,813,11
1142,859,875,-3,-13,1116,715,763,71,-28,1115,956,11
1261,988,926,-1,-24,602,1267,1064,101,-11,642,919,16
1305,792,1244,-13,-13,1055,918,839,119,-37,1026,1150,3
1165,826,1238,-14,-41,1005,1209,906,82,-34,971,1107,6
1233,853,981,-4,-38,1131,867,1056,95,-28,674,852,24
1327,858,1247,-6,-28,635,886,1222,36,-31,788,1076,9
1232,608,804,-14,-24,702,1104,748,38,-26,412,898,7
1118,703,1197,0,-35,1018,767,672,36,-31,502,1015,17
1174,956,1077,0,-43,623,1260,1272,92,-21,541,1187,8
1154,829,1166,-7,-18,956,1242,1315,35,-25,426,815,2
1263,951,910,-12,-33,1004,1223,1063,80,-30,445,779,14
1218,593,883,-12,-32,605,1198,1341,30,-44,956,1147,18
1146,902,884,-6,-15,1161,883,1283,92,-34,551,1145,19
1257,919,800,-8,-20,772,1138,1314,104,-24,510,1013,21
1155,627,929,-1,-25,677,1341,887,65,-33,592,858,20
1293,803,1015,-6,-21,1189,1196,978,78,-38,983,1120,11
1290,823,879,-2,-39,773,948,960,45,-24,940,1072,0
1274,687,1005,-7,-34,1068,713,733,94,-7,980,868,8
1286,653,1082,-3,-44,1165,965,1149,97,-19,1086,982,21
1194,966,832,-5,-39,1152,692,662,85,-16,844,674,9
1208,933,913,-8,-21,1031,1311,725,73,-18,1050,1058,23
1107,688,1079,-11,-18,1072,701,1107,104,-10,916,1044,7
1326,817,1050,-9,-15,689,725,730,105,-9,867,1125,14
1159,800,1227,-1,-38,956,962,1176,105,-28,1122,834,11
1110,933,845,-2,-39,635,814,1230,46,-16,777,906,17
1104,608,986,-4,-28,692,1222,841,43,-17,429,1007,24
1181,768,878,-5,-27,783,1250,1276,109,-37,1192,962,21
1285,966,825,-10,-23,992,994,1067,114,-11,933,1043,1
1269,985,1067,0,-37,617,1265,1277,47,-14,401,788,17
1214,872,1216,-10,-21,1146,905,674,61,-14,1177,1000,15
1252,822,1231,-2,-13,972,879,1196,50,-24,1093,1074,10
1274,960,1045,-13,-24,1197,903,1268,76,-44,952,878,3
1339,958,1201,-7,-6,603,1162,1320,114,-36,850,1061,8
1264,984,993,-9,-19,1111,837,915,39,-18,1148,899,9
1194,712,1245,0,-42,692,973,1140,66,-17,965,1055,15
1242,929,820,-6,-44,945,1303,1293,85,-7,934,751,13
1142,986,981,-14,-38,1077,1019,1110,50,-34,574,899,3
1250,742,1235,-1,-37,931,952,739,92,-5,456,679,0
1196,607,1090,-3,-31,879,1027,1044,113,-17,674,877,10
1325,714,970,-8,-34,1033,1050,1098,74,-16,877,817,9
1131,921,1082,-14,-35,1029,1027,1169,61,-8,610,716,1
1144,763,1250,-2,-20,675,1010,1263,33,-16,711,790,18
1130,609,1200,-12,-24,949,1038,823,109,-42,882,790,4
1349,657,890,-11,-36,631,1264,962,86,-40,470,983,18
1287,930,869,-12,-17,953,885,1027,45,-12,1125,1130,24
1231,782,1172,0,-11,796,1006,850,54,-30,900,993,16
1304,918,831,-8,-33,841,974,1219,95,-17,915,1131,5
1313,871,1154,-3,-23,989,1187,1020,95,-23,888,896,16
1344,509,945,-3,-23,897,1237,1180,91,-6,1051,935,23
1231,560,858,-6,-29,1130,1334,1306,35,-36,919,829,3
1314,509,1068,-14,-32,707,771,886,119,-39,547,695,18
1279,588,881,-6,-20,843,1217,678,35,-37,425,1034,14
1246,560,1045,-1,-12,724,1191,1032,35,-8,1033,761,2
1234,669,1169,-11,-25,1149,902,915,43,-23,1194,1110,21
1269,944,1063,-5,-14,998,1041,1020,89,-20,523,1078,9
1261,961,1063,-11,-39,901,1113,1263,73,-12,1197,1062,4
1117,681,1295,0,-32,658,669,709,37,-13,752,975,4
1128,546,1019,-7,-6,806,907,679,85,-38,705,744,18
1267,572,1058,-12,-14,778,1207,1272,115,-29,1085,995,23
1337,616,1051,-1,-28,1071,1065,985,42,-9,493,670,18
1257,994,1267,-4,-30,873,928,1283,98,-39,450,871,5
1179,793,1269,-4,-16,839,706,855,59,-40,422,691,15
1118,998,1145,-8,-22,1078,988,668,104,-29,907,1078,9
1108,730,1255,-14,-33,744,944,696,88,-14,665,705,24
1328,745,900,-7,-14,676,1151,1328,36,-41,524,681,16
1323,876,996,-1,-25,1001,898,804,47,-17,1013,1165,11
1333,655,976,-5,-9,658,801,1284,33,-10,747,1026,15
1187,694,1180,-12,-40,1033,691,1209,56,-39,799,1069,23
1330,929,1100,-5,-40,1041,871,931,103,-16,699,1176,3
1246,703,1114,-13,-15,611,1317,867,91,-19,961,1140,2
1205,932,1201,-11,-29,1169,1295,822,47,-41,1077,792,16
1315,794,1178,-12,-33,662,809,1138,67,-27,481,1014,10
1268,795,1128,-1,-32,651,1129,798,106,-26,954,999,18
1253,804,877,0,-32,1099,1143,1006,50,-39,483,1030,10
1170,558,842,-12,-15,953,681,1312,106,-35,505,1088,11
1287,790,1103,-10,-29,945,769,833,58,-44,696,1054,17
1100,974,1184,-9,-36,788,1237,1180,92,-7,1139,668,12
1321,701,1183,-5,-15,1112,833,1209,74,-11,1091,704,3
1146,695,1096,-14,-15,1017,1073,994,91,-41,795,1092,9
1116,853,1278,-13,-22,1155,1203,1265,84,-12,1100,1115,23
1174,754,1269,-4,-25,851,1280,1081,74,-29,740,1067,16
1192,515,1289,-3,-15,1191,714,1045,82,-10,1070,916,6
1183,853,1091,-2,-29,609,1333,992,98,-5,982,663,8
1291,835,947,0,-7,615,1270,698,118,-34,732,1169,18
1320,615,838,-9,-42,811,1079,686,105,-38,1029,710,2
1156,833,994,-5,-7,648,703,689,81,-6,578,738,17
1314,805,1197,-2,-23,766,820,809,36,-20,1119,1023,6
1256,501,1216,-8,-43,838,1160,1301,71,-31,667,674,3
1156,806,1052,-5,-12,664,754,926,31,-31,978,810,7
1108,674,863,-13,-39,786,914,1143,90,-25,1000,1016,13
1342,553,982,-13,-32,745,1312,824,66,-41,835,700,11
1207,603,1216,-4,-11,1155,730,1222,60,-42,784,896,17
1294,691,1096,-11,-42,1171,1010,699,32,-10,1171,932,14
1280,561,1203,-13,-23,1019,1162,691,40,-39,431,1158,21
1171,538,1031,-13,-18,1123,680,721,95,-20,1065,1196,20
1315,645,1204,-10,-18,995,879,918,31,-12,872,956,22
1123,826,1007,-13,-5,873,1296,936,47,-7,1197,748,14
1274,892,911,-11,-23,845,956,950,52,-8,589,1162,7
1324,676,1155,-1,-39,1051,1217,663,32,-10,426,952,10
1259,510,1231,-6,-31,875,777,770,61,-32,1071,672,1
1153,669,989,0,-34,748,849,685,105,-34,788,985,13
1333,580,833,-2,-17,862,1036,929,55,-16,940,1195,19
1166,784,1063,-9,-44,1132,752,897,79,-32,437,1192,22
1205,898,1200,-8,-13,1012,679,1158,114,-15,666,1166,19
1196,846,1246,-5,-9,843,971,1140,81,-43,473,832,19
1250,505,974,-14,-26,1092,1198,987,82,-32,736,710,14
1271,842,895,-8,-30,854,695,1028,116,-31,440,708,21
1156,712,923,-11,-6,1148,941,1159,96,-22,859,904,6
1192,931,1271,-9,-22,779,931,822,87,-16,822,973,16
1280,950,975,-11,-7,682,1202,1121,97,-23,1017,1042,15
1128,669,1212,-4,-36,862,676,1132,53,-16,1116,1127,12
1212,997,963,-7,-32,1042,770,1257,52,-7,426,748,5
1214,600,1093,-3,-6,1028,1102,1266,74,-44,752,776,10
1161,556,1100,-12,-5,847,1147,1163,111,-38,549,964,19
1277,776,1135,-10,-25,1139,1012,773,86,-20,578,1072,6
1166,774,980,-7,-30,675,996,1261,44,-18,694,786,7
1343,611,1158,-11,-10,1118,1036,831,72,-30,1134,1048,12
1337,836,1221,-12,-41,829,771,1009,84,-23,899,976,11
1105,940,1023,-2,-36,636,711,1146,86,-29,662,651,10
1276,868,905,-14,-38,931,1121,921,50,-32,1008,1150,1
1298,865,961,-1,-8,1027,881,1330,44,-16,610,951,3
1231,629,916,-8,-6,1033,1064,1118,32,-19,1184,667,24
1299,987,814,-4,-38,618,880,894,99,-11,1151,668,12
1119,752,1292,-4,-37,1103,1109,867,54,-16,447,946,12
1251,951,838,-13,-35,650,653,1330,49,-7,1102,880,23
1176,685,1034,-10,-35,1043,681,877,115,-40,1132,1034,4
1244,627,1270,-2,-9,739,1173,1084,70,-43,806,971,19
1340,865,867,-2,-21,982,1108,1310,98,-39,622,1113,23
1338,965,822,0,-14,721,686,1175,79,-37,1025,1098,9
1301,618,1247,0,-29,1028,730,1307,116,-44,530,1144,16
1330,828,1016,-3,-20,666,745,1234,33,-25,579,1147,21
1171,696,1069,-4,-14,1052,1264,1202,116,-10,665,671,11
1219,588,1002,-14,-32,712,1246,726,41,-22,487,835,11
1316,961,1028,-10,-8,754,683,1145,69,-42,995,1163,9
1263,731,1056,-12,-32,1030,1136,1032,91,-36,914,873,21
1189,645,1037,-8,-37,879,1145,1267,55,-37,659,777,17
1292,932,1125,-2,-17,906,701,1321,50,-5,680,797,0
1292,648,1157,-5,-28,1101,988,766,37,-33,656,1195,1
1197,730,1148,-5,-40,799,701,934,108,-34,1087,720,15
1280,928,1293,-1,-27,795,1130,1093,77,-33,870,705,23
1316,981,1239,-9,-13,635,1196,861,115,-37,1191,1134,22
1173,971,1099,-5,-43,1078,1227,1286,36,-21,929,1121,10
1219,797,1049,-4,-39,615,1204,1081,91,-24,1073,1118,9
1176,597,918,-12,-15,992,755,1139,48,-14,493,1031,2
1109,905,926,-6,-12,600,742,1084,66,-25,1022,1099,5
1200,722,1177,-12,-36,1175,1131,735,54,-5,1030,1039,2
1229,840,1070,-4,-28,1162,1208,1112,71,-33,955,1143,17
1154,892,918,-10,-32,931,896,1344,103,-21,908,725,16
1343,859,1009,-13,-40,768,833,1275,101,-33,1154,1145,22
1224,988,852,-11,-27,813,1319,739,35,-16,1122,1175,3
1194,586,1037,-9,-20,927,1078,1201,63,-17,1055,1160,23
1136,700,996,-13,-14,715,1082,1074,96,-23,1156,677,6
1148,946,926,-12,-24,1183,1002,1255,92,-17,898,1114,0
1225,845,982,-3,-32,1017,943,1325,62,-8,838,781,20
1176,949,1189,-3,-43,1123,1221,986,37,-29,769,1163,23
1161,554,1111,-12,-33,703,690,1166,37,-16,761,862,9
1332,557,1273,-6,-27,1033,770,753,95,-20,565,738,13
1143,925,886,-14,-9,1109,806,1203,117,-10,544,789,5
1293,535,1113,-10,-7,688,764,693,43,-6,719,1156,10
1260,786,984,-7,-6,763,778,798,108,-38,758,697,3
1226,991,996,-1,-44,861,852,748,94,-16,851,1013,23
1223,715,1026,-1,-6,957,985,1331,68,-13,1006,668,17
1146,792,960,-10,-20,916,1118,1061,111,-5,602,879,23
1205,729,1276,0,-35,927,1068,673,112,-16,1079,1152,12
1106,523,988,-12,-36,639,1317,887,41,-15,755,985,19
1116,906,889,-1,-25,865,848,787,110,-40,835,1032,9
1294,623,1166,-9,-43,1148,1260,1316,106,-42,776,1152,13
1136,730,1054,0,-21,1099,1007,987,118,-38,953,841,7
1183,951,875,-3,-23,1176,1050,890,89,-12,540,1103,24
1104,834,1045,-7,-19,747,932,1307,108,-27,842,706,9
1312,558,1221,-4,-15,1151,1026,664,85,-8,493,726,8
1114,784,977,-3,-5,805,1221,1208,44,-16,1018,1154,10
1283,909,964,-5,-6,1191,1287,758,52,-37,706,1151,1
1343,624,839,-2,-23,645,1023,994,91,-42,506,804,7
1250,843,1065,0,-14,759,778,1211,100,-22,502,890,0
1195,962,1180,-8,-14,1090,986,781,116,-7,1087,754,24
1199,642,944,0,-8,852,937,1253,34,-25,888,654,8
1180,568,1192,-4,-31,676,1050,1012,39,-5,647,1092,3
1281,845,882,-2,-10,682,764,966,112,-17,834,1105,1
1242,750,1281,-5,-41,1043,705,977,70,-32,1032,921,7
1338,557,1084,-14,-42,1104,1000,841,37,-29,795,707,7
1214,576,876,0,-40,1017,1069,996,118,-8,750,701,7
1142,796,804,-1,-42,894,1223,1126,63,-27,575,1119,22
1331,717,970,-13,-17,991,963,959,47,-16,536,1024,12
1195,818,1214,-5,-38,1179,1332,1062,98,-16,813,1054,21
1248,847,941,-14,-23,1166,1337,1039,119,-39,1162,1080,3
1308,861,1190,-11,-36,616,906,1251,44,-31,985,1163,10
1282,883,1115,-10,-5,998,1239,816,93,-44,890,918,13
1117,919,868,-2,-44,1177,885,976,84,-43,1100,674,11
1212,802,1255,-4,-39,693,914,1203,110,-32,1188,828,3
1230,961,832,-10,-12,1057,823,1127,97,-15,764,1064,23
1281,683,1147,-11,-28,1036,1103,1289,73,-32,758,998,3
1272,725,1166,-11,-6,1014,736,1033,107,-30,1143,663,17
1297,965,1131,-2,-26,1088,785,1098,69,-9,463,1133,19
1153,610,810,-10,-26,770,738,1058,45,-38,733,1101,11
1348,909,1062,-9,-35,1002,743,1041,57,-14,653,1087,2
1243,547,1209,-8,-23,1069,1122,1035,103,-34,458,1122,6
1227,990,1286,0,-35,1180,1219,1154,105,-38,985,831,13
1205,610,1172,-1,-5,789,1308,743,54,-19,793,985,5
1228,954,935,-3,-24,813,774,1320,106,-23,417,777,21
1220,961,944,-6,-11,640,1109,1337,49,-44,585,756,5
1259,790,804,-1,-13,711,1053,747,110,-41,673,846,8
1176,793,1142,-12,-6,1080,929,855,101,-23,962,897,7
1191,617,958,-4,-39,1157,705,856,103,-19,942,1180,10
1228,703,1027,0,-7,658,773,970,89,-40,565,934,15
1172,775,837,-3,-12,1180,926,1348,45,-16,566,916,9
1104,536,845,-4,-43,622,1166,764,50,-11,868,1107,5
1300,610,1064,-12,-16,604,1069,704,86,-15,618,652,4
1161,889,909,-4,-10,848,1231,1116,79,-43,970,1072,7
1209,631,1286,-5,-25,606,1022,1175,105,-42,843,845,23
1143,918,1075,-5,-41,963,781,1089,103,-10,448,840,8
1292,617,889,-12,-15,807,1077,786,56,-35,1159,816,18
1104,972,893,-13,-12,907,1163,936,34,-14,638,871,22
1139,991,952,-6,-32,1124,1275,923,100,-24,657,704,11
1201,602,1072,-1,-22,663,765,792,87,-36,638,1146,4
1175,718,1067,0,-39,966,1246,1202,51,-7,608,826,15
1175,533,975,-14,-31,1167,910,1329,115,-15,821,1182,22
1325,653,1172,-4,-32,849,720,807,46,-20,862,864,9
1112,505,899,-10,-30,865,1012,1052,105,-32,681,703,11
1128,873,947,-10,-14,712,965,655,45,-29,703,1155,9
1220,892,1233,-5,-7,633,796,1268,65,-6,591,798,16
1294,908,834,-7,-12,715,1284,1241,47,-39,1156,908,15
1275,631,829,-4,-38,1118,1272,1294,86,-28,977,896,10
1142,620,915,-1,-24,1125,838,817,99,-28,647,1035,21
1178,620,1216,-12,-15,864,1018,1153,112,-26,418,975,17
1216,622,1212,-13,-19,756,1212,1168,80,-39,1021,689,0
1284,548,1185,-13,-10,661,1149,933,86,-19,743,704,23
1204,632,1207,0,-24,1039,1243,702,45,-23,417,764,11
1324,682,1261,-8,-15,901,1333,1261,112,-19,881,658,23
1232,562,1195,-8,-13,796,1103,771,92,-28,657,722,7
1173,656,1189,-13,-8,1176,856,1115,95,-7,576,864,8
1291,701,831,-7,-18,841,741,1166,86,-40,732,799,5
1105,978,938,-3,-38,1052,771,1026,105,-41,528,769,22
1343,826,1148,-10,-33,1156,784,776,94,-25,467,947,8
1287,924,1026,-14,-34,659,821,816,30,-18,477,723,23
1180,707,1297,-8,-42,828,870,718,118,-14,671,848,17
1338,782,821,-8,-38,735,896,1119,96,-7,699,857,7
1230,873,901,-11,-40,734,1063,1075,119,-41,1084,809,22
1146,562,1298,-8,-25,854,1191,764,82,-39,911,1129,4
1304,870,907,-10,-37,814,1028,673,61,-32,1180,848,17
1264,730,875,-9,-40,1167,863,1286,111,-6,615,699,14
1278,887,1063,-4,-20,849,1260,1029,119,-24,661,777,13
1238,712,883,-10,-29,1114,793,800,85,-13,454,1008,6
1203,538,1122,0,-25,805,704,718,32,-39,935,857,2
1267,762,1237,-2,-9,1070,1294,717,54,-30,1026,905,17
1282,593,835,-12,-41,1083,997,1043,106,-31,825,656,1
1341,747,941,-2,-42,881,750,763,89,-43,939,1082,2
1279,646,824,-13,-42,709,923,1040,77,-10,880,1151,23
1170,548,841,-7,-18,1014,1257,1253,72,-37,444,1063,6
1344,876,1164,-5,-42,1054,1237,909,38,-14,788,1174,21
1129,706,1107,-7,-38,636,768,1091,58,-26,929,686,14
1210,640,877,-9,-8,984,1345,768,43,-30,498,1109,19
1329,518,898,-4,-6,634,1132,1334,105,-20,460,746,9
1343,550,880,-11,-18,602,1348,1170,80,-22,468,1146,15
1162,981,1105,-8,-11,982,1050,1080,93,-22,956,696,15
1105,923,820,-1,-27,775,1081,996,90,-14,1165,1115,18
1250,521,985,-10,-18,1070,681,1187,100,-13,713,768,3
1239,748,883,-4,-26,977,815,976,63,-34,786,782,21
1213,939,970,-3,-17,1070,1221,1321,56,-32,598,828,22
1340,537,1275,0,-13,751,981,1320,119,-11,908,1078,10
1295,663,857,-4,-26,1097,990,1040,94,-27,748,740,22
1176,735,1001,-8,-10,910,1283,1066,119,-32,1183,932,14
1312,768,1229,-14,-19,791,652,678,83,-18,405,725,16
1139,686,902,-14,-11,698,868,696,64,-24,700,941,2
1126,575,1005,-1,-20,1198,850,1025,55,-26,803,1160,3
1332,756,1096,-10,-9,787,713,1293,112,-22,1017,901,22
1145,549,1297,-11,-7,1095,971,1226,45,-37,680,660,24
1127,681,1275,-7,-32,1011,1271,991,32,-10,603,666,5
1108,948,1103,-13,-24,1179,1123,786,45,-7,530,892,9
1268,622,840,-11,-40,751,864,918,108,-37,933,1026,6
1321,805,881,-14,-19,739,1185,874,68,-21,780,1137,22
1328,799,1025,-6,-5,796,724,999,116,-13,839,1168,5
1310,963,1002,-13,-13,749,860,675,50,-5,1131,1070,17
1305,691,887,-11,-21,702,1084,1285,80,-33,514,1051,24
1155,749,1201,-6,-40,821,1310,834,118,-11,1153,1185,21
1246,989,962,-3,-43,977,1001,1045,73,-36,1097,795,7
1166,544,1195,-10,-30,971,1252,654,99,-22,1179,654,21
1178,977,1057,-5,-5,651,889,1179,71,-22,998,703,6
1221,628,1200,-3,-30,888,1214,1241,45,-16,1189,780,5
1187,626,1282,-12,-31,1119,1216,1249,109,-9,1040,851,19
1153,952,971,-10,-15,670,1223,931,97,-32,419,658,2
1114,531,1028,-9,-24,674,1184,1204,107,-13,599,896,4
1324,646,1277,-11,-7,1042,767,986,76,-31,1182,943,12
1176,731,1178,-6,-21,697,954,736,106,-42,522,1077,24
1333,855,1138,-7,-30,919,1151,662,84,-6,407,841,8
1325,615,918,-5,-7,893,1105,1299,80,-21,785,1167,23
1319,665,1247,-9,-39,1179,784,786,114,-42,769,1007,3
1297,588,996,-7,-6,741,954,1246,97,-39,1028,1028,10
1297,724,1251,0,-11,1129,935,1196,51,-25,467,966,24
1343,734,1008,-12,-30,855,669,1110,59,-39,404,947,4
1233,535,810,0,-40,850,965,919,110,-10,573,1113,4
1238,910,1095,-5,-37,1010,1321,1208,89,-28,1097,821,18
1146,827,989,-14,-6,832,1158,883,43,-41,675,1176,8
1107,735,1111,-13,-33,1170,895,892,101,-11,654,1114,21
1119,625,982,-3,-30,801,1084,1322,35,-16,537,871,6
1122,501,821,-12,-11,1050,797,793,35,-14,673,963,11
1269,647,1012,-8,-36,678,896,1196,90,-20,920,939,16
1277,641,1191,-5,-31,1084,1314,990,77,-17,1012,673,10
1297,863,1179,-9,-7,1029,1056,1179,102,-42,1082,894,5
1323,824,1280,-10,-28,961,724,1036,97,-12,965,1088,0
1139,962,1184,-4,-23,1090,816,1033,63,-32,772,1053,23
1137,780,1222,-6,-6,1092,733,966,91,-5,1199,750,21
1274,600,1251,-9,-40,1045,1207,867,49,-31,788,845,4
1342,850,1294,-2,-24,699,1171,1238,80,-22,572,788,19
1206,788,853,-2,-23,626,914,1265,107,-43,830,901,4
1256,794,1074,-12,-36,636,1122,810,50,-6,451,1117,13
1182,787,822,0,-9,737,1104,1268,97,-28,608,933,21
1181,995,1107,0,-23,1009,980,757,58,-20,1041,656,12
1288,540,1167,-2,-32,675,1189,811,44,-25,534,1057,7
1324,503,1180,-11,-35,728,953,1121,64,-26,1008,1005,20
1150,959,1071,0,-37,854,1224,981,31,-44,529,693,7
1215,583,1267,0,-29,996,1331,1224,66,-29,995,1034,21
1193,864,830,-8,-9,1043,873,666,69,-34,873,962,7
1160,949,812,-9,-42,980,702,1231,68,-19,1061,1141,15
1120,884,815,-9,-5,1007,831,1247,86,-18,955,1027,13
1320,585,1243,-3,-12,1169,935,1164,63,-6,697,785,22
1178,934,1156,-4,-25,1051,983,898,114,-24,874,904,20
1328,502,1107,-14,-40,707,970,780,80,-43,1152,948,2
1238,857,901,-14,-16,839,836,1307,99,-44,932,1083,24
1200,819,1094,0,-7,970,806,910,105,-17,785,854,0
1173,906,1218,-9,-6,886,1176,1316,37,-20,961,846,22
1308,961,1011,-5,-39,777,1111,656,52,-21,877,734,15
1226,771,976,0,-20,915,846,1169,110,-24,895,1085,1
1164,735,1240,-8,-44,1024,853,910,32,-36,1027,889,16
1209,950,893,-3,-8,642,735,1305,98,-27,947,805,24
1182,842,1178,-3,-22,963,1031,900,102,-37,1188,913,3
1129,760,998,-5,-34,655,1091,894,108,-31,830,1093,5
1167,857,1150,-3,-6,1129,823,841,50,-41,1053,1142,21
1213,595,1170,0,-6,1174,747,846,87,-6,439,788,2
1269,513,1277,-4,-5,611,973,877,104,-37,950,850,8
1187,531,1243,-13,-8,1173,739,915,109,-40,531,1127,11
1339,973,1165,-1,-27,1142,816,1018,95,-21,523,947,16
1150,502,1137,-1,-27,836,1295,1137,97,-27,729,1007,20
1217,628,1172,-13,-11,1069,805,1314,48,-13,573,1036,2
1237,549,1079,-8,-16,940,821,977,67,-13,869,707,6
1330,505,1149,-13,-33,1168,1160,660,78,-6,1065,787,13
1187,888,1219,0,-7,999,697,1316,82,-38,590,795,7
1308,806,1194,0,-28,1156,1147,952,65,-32,412,996,17
1289,739,1018,-5,-8,1138,1101,923,60,-14,1171,927,22
1113,853,1020,-9,-19,1168,1331,859,32,-9,500,990,4
1183,532,1027,-12,-18,1198,1043,1036,31,-31,971,1020,17
1108,942,1243,0,-42,611,1265,1251,75,-32,402,801,10
1335,940,985,-1,-17,852,810,1263,76,-44,851,1029,7
1317,848,981,-5,-23,657,713,705,54,-18,1112,919,11
1208,941,826,-13,-24,731,1233,845,101,-23,990,692,4
1264,923,1027,-13,-16,615,1326,1282,85,-33,645,826,15
1178,960,1075,-5,-34,956,1306,843,31,-9,503,1061,7
1179,747,846,-2,-32,842,1246,1068,57,-37,431,693,6
1217,703,866,-14,-14,795,923,876,56,-19,923,1006,4
1195,582,1014,-2,-25,843,787,697,102,-36,635,769,11
1345,890,857,0,-28,864,1205,906,37,-37,905,793,4
1145,777,1027,-12,-20,1142,1157,720,110,-30,1086,1176,8
1286,890,996,-13,-24,812,655,817,72,-22,551,808,20
1152,866,929,-9,-19,656,657,908,106,-6,852,777,0
1301,959,1071,-5,-25,927,1221,1109,54,-32,731,752,13
1334,938,1245,-8,-40,948,1044,755,87,-28,1083,711,13
1299,520,948,-1,-10,665,1285,953,72,-30,617,939,15
1118,506,1108,-6,-12,688,1166,1129,33,-26,1005,1008,13
1316,933,845,-7,-43,1079,1234,1264,90,-14,1124,986,2
1181,631,1205,-8,-7,967,893,884,79,-43,770,1181,12
1287,560,1021,0,-39,1162,1166,963,67,-7,630,1173,24
1122,983,1181,-12,-9,1159,934,982,50,-7,1160,787,21
1150,998,1189,-12,-34,702,1167,1173,50,-28,404,1005,18
1184,785,812,-5,-25,1100,1007,1317,52,-8,1116,1152,22
1240,890,958,-8,-20,712,987,798,40,-8,670,840,12
1341,635,1106,-12,-17,699,1209,731,117,-12,511,1157,16
1181,723,1134,-14,-8,834,1112,979,96,-33,465,1036,13
1246,590,993,-3,-5,741,1140,886,71,-16,530,1127,14
1304,721,994,0,-19,693,1272,814,41,-41,561,948,14
1300,720,1142,-6,-17,811,655,1213,78,-36,832,839,23
1260,604,922,-7,-18,998,934,1213,95,-12,1146,1049,6
1125,820,1186,-14,-42,650,1145,653,52,-41,626,814,5
1120,812,1272,-14,-23,847,935,788,77,-29,1056,966,13
1298,902,825,-14,-28,1102,808,860,80,-38,688,981,3
1252,578,825,-10,-31,662,1084,876,98,-31,487,1196,19
1231,669,1073,-8,-10,635,1288,716,81,-30,1119,1185,17
1104,516,1289,-7,-37,1093,1031,1131,43,-19,1133,1059,4
1201,862,887,-7,-12,1052,666,992,54,-17,550,852,6
1151,691,1121,-2,-38,819,699,1200,60,-39,461,1051,7
1163,694,1076,-12,-33,806,734,738,112,-39,820,1195,19
1125,701,1216,-4,-11,1030,808,898,39,-37,408,734,6
1278,863,1006,-2,-41,1127,954,1081,37,-30,986,737,4
1288,628,852,-14,-42,999,1136,1285,118,-8,1039,969,16
1293,788,1090,-4,-43,748,1171,850,60,-10,450,740,1
1315,923,910,-6,-18,660,916,1005,93,-29,677,736,23
1163,834,1094,-7,-28,972,966,1302,58,-43,706,886,1
1279,846,825,-3,-14,698,1256,1303,57,-23,771,947,4
1137,804,846,-12,-28,696,1155,818,32,-38,452,1140,18
1156,653,910,-10,-40,1036,1155,1291,37,-26,815,1036,5
1262,888,1161,-12,-9,1001,1183,1228,118,-21,1169,706,8
1130,685,1088,-1,-34,1142,1315,894,102,-28,893,910,10
1283,765,1281,-6,-29,606,1288,1040,31,-16,1051,1159,9
1186,906,956,-4,-24,1015,1195,848,77,-44,1100,1122,3
1182,521,1058,-12,-41,1123,736,1213,40,-37,524,1101,15
1110,794,1012,0,-24,1154,933,826,52,-15,975,1018,9
1178,917,1147,-11,-7,645,1170,1336,108,-32,511,735,22
1127,962,808,-7,-12,1193,960,975,107,-22,730,989,24
1230,740,1111,-8,-26,689,714,855,76,-35,554,1190,5
1175,690,880,-5,-37,884,1093,705,64,-39,653,1058,24
1241,729,1037,-5,-16,944,1119,748,76,-5,1196,1107,9
1326,563,1029,-13,-36,751,1097,758,83,-24,881,666,13
1223,875,1020,-3,-27,850,865,751,99,-16,469,1029,5
1330,903,1256,-5,-9,792,1190,1121,74,-23,1123,1080,17
1114,990,917,-11,-37,702,1172,1298,100,-14,877,758,21
1301,599,821,-7,-16,1061,968,661,42,-9,1060,706,16
1222,843,1021,-2,-10,707,691,1238,53,-43,442,927,20
1201,773,924,-8,-22,964,1094,1168,55,-23,782,718,7
1115,623,1119,-9,-17,1023,1151,748,56,-22,1004,1051,15
1265,860,829,-2,-35,961,704,1268,72,-14,592,715,22
1310,849,901,-14,-23,681,872,777,55,-31,684,735,17
1129,601,1146,0,-12,1187,682,976,47,-13,728,1094,23
1152,820,976,-10,-21,1036,810,712,91,-13,542,877,10
1240,665,1081,-11,-16,907,836,1058,64,-10,758,792,8
1234,841,844,-8,-19,1164,756,1065,98,-29,549,891,12
1114,863,880,-10,-26,830,822,1310,117,-33,657,1083,9
1206,805,1102,-14,-42,620,932,925,94,-25,1048,1198,13
1347,598,1033,-11,-18,855,693,957,99,-42,501,1025,20
1285,668,1136,-7,-41,955,864,924,99,-40,422,979,7
1255,935,932,-4,-42,828,715,886,71,-32,959,782,8
1247,989,1038,-13,-9,864,986,1261,47,-37,493,995,20
1167,741,1221,0,-37,617,1006,797,103,-25,1177,686,0
1208,901,1090,-3,-13,1176,1268,1027,88,-20,1019,693,17
1264,550,842,-9,-33,1070,1120,1250,113,-21,519,915,15
1303,959,1214,-13,-29,1043,653,802,95,-10,1053,1174,3
1142,758,1131,-9,-21,834,720,869,43,-27,665,908,12
1331,677,946,-3,-39,843,1140,1124,103,-34,1069,668,1
1270,562,1010,-3,-35,769,1085,1047,73,-18,771,1171,6
