1141,564,890,-8,-37,1059,771,942,36,-44,442,905,5
1116,560,1082,-10,-43,987,1323,1331,58,-40,1054,719,20
1165,898,1283,0,-20,892,821,1253,100,-42,867,765,20
1238,588,898,-13,-17,1097,878,682,53,-15,856,1064,2
1309,924,845,-14,-39,844,1176,832,108,-24,1110,724,17
1335,612,1084,-1,-8,1026,757,1242,40,-42,523,961,21
1302,511,855,-3,-10,828,1042,760,90,-17,485,1191,11
1191,930,1018,-10,-28,1166,1344,1275,89,-15,941,1197,18
1262,501,815,-6,-13,811,917,1318,64,-13,504,1130,6
1335,600,1103,-12,-10,1015,1315,756,85,-11,748,990,21
1234,854,904,-11,-21,910,1098,670,30,-10,688,1119,14
1200,653,852,-4,-5,1047,863,789,53,-24,612,1162,22
1337,786,1122,-7,-25,990,678,928,41,-18,463,1166,2
1162,798,1112,-14,-8,723,698,1305,75,-36,428,1009,12
1178,585,1264,-13,-22,1072,1163,677,85,-29,1066,1010,6
1261,521,1177,-14,-27,935,861,997,66,-21,943,758,3
1332,535,1101,-13,-10,713,953,1174,32,-43,794,1078,7
1115,985,1137,-3,-7,632,855,1197,114,-11,1129,977,20
1168,636,1168,-6,-43,653,818,1019,118,-30,1143,931,16
1161,537,817,-12,-9,602,1070,902,114,-26,452,700,15
1183,895,821,-12,-16,1103,1078,1121,112,-19,1114,947,0
1219,989,850,-14,-31,952,1182,938,44,-25,902,1012,6
1153,726,1209,-1,-21,927,838,702,85,-16,806,756,4
1283,768,1024,-3,-5,779,788,1152,49,-14,458,766,14
1330,729,1011,-9,-7,706,1298,1304,79,-24,604,1013,20
1312,871,1284,-10,-40,1048,1062,718,63,-36,738,1104,12
1209,556,901,-8,-43,928,995,777,45,-11,921,1170,2
1283,620,899,-12,-14,784,870,1053,66,-19,783,688,14
1103,900,818,-8,-26,791,808,826,83,-35,826,754,9
1166,962,963,-5,-41,1062,1272,1025,87,-31,863,1072,16
1143,570,828,-4,-32,1166,1316,939,33,-42,631,1027,16
1185,769,878,-11,-41,897,957,1002,90,-36,1096,686,16
1318,827,807,-14,-24,601,1173,882,46,-40,461,810,7
1203,971,1072,-12,-14,993,996,1129,72,-27,963,807,16
1204,503,1202,-8,-11,811,980,902,117,-21,659,1031,18
1302,949,894,-3,-25,929,1247,967,46,-5,1071,1013,2
1174,521,992,-8,-36,1027,1346,725,102,-36,1062,715,8
1115,642,802,-10,-7,1148,1201,1149,77,-19,1009,702,1
1141,577,880,-6,-18,1197,1322,913,84,-5,959,681,1
1155,883,1279,-3,-44,862,650,889,31,-21,1026,828,15
1188,909,1123,-6,-25,1148,1305,700,82,-5,575,1153,23
1212,990,804,-14,-39,860,857,828,71,-36,729,825,12
1232,616,1234,-12,-32,836,897,847,74,-11,699,691,13
1309,838,1005,-11,-38,830,1290,1136,36,-12,746,1167,14
1247,709,1092,-7,-15,810,912,1228,42,-36,498,850,15
1309,536,901,-10,-34,788,1292,871,113,-10,798,658,14
1183,957,1143,-9,-22,1188,757,822,69,-16,1165,840,16
1221,731,872,-3,-43,869,764,1013,104,-38,928,1001,1
1248,620,1223,-4,-42,1110,948,722,74,-12,930,748,17
1128,852,981,-4,-33,1149,1270,758,80,-31,846,1170,17
1199,597,924,-7,-11,876,1174,797,98,-27,1140,754,20
1299,707,1064,-5,-25,808,848,1308,34,-22,735,886,2
1188,905,1188,-9,-5,885,702,1120,103,-40,685,967,19
1262,697,1011,0,-29,816,1267,720,107,-32,424,814,22
1193,652,1297,-8,-38,777,1003,1325,84,-20,757,905,9
1266,969,1242,-7,-41,656,690,1112,49,-35,1074,1194,20
1323,734,873,-9,-39,1056,671,657,98,-29,568,740,16
1312,781,1071,-4,-20,978,1303,816,91,-28,1042,700,13
1315,829,1216,-3,-5,625,1104,957,49,-34,1011,1017,9
1247,567,984,-3,-25,700,1208,1237,72,-28,1000,1014,10
1166,581,1147,0,-13,670,1305,711,32,-23,749,671,1
1235,781,1167,-5,-33,1139,1121,1103,36,-41,691,743,12
1268,682,893,-7,-19,747,877,711,45,-7,648,960,5
1331,901,914,-1,-35,692,1264,692,101,-20,1191,1129,1
1166,755,1057,-10,-10,933,1184,1265,102,-20,993,1023,19
1242,844,970,-13,-13,1115,718,728,96,-20,958,954,1
1255,613,1046,-5,-44,672,758,986,99,-37,794,770,19
1307,695,964,-7,-15,959,885,1141,100,-41,878,699,20
1225,959,826,-9,-43,701,1156,907,38,-39,623,653,20
1324,982,1253,-4,-28,694,1191,1347,88,-5,432,1069,6
1171,933,1095,-2,-28,675,1222,669,62,-39,573,1026,8
1327,981,1270,-4,-21,982,882,1113,60,-16,980,1087,10
1102,711,843,-9,-30,972,735,862,110,-37,655,1016,8
1341,801,1119,-9,-30,1161,1133,677,114,-22,910,1178,7
1274,769,924,-9,-17,911,714,922,99,-31,747,825,17
1294,711,1089,-2,-13,865,742,1185,45,-10,643,1077,16
1288,871,1214,-9,-31,650,1050,1348,73,-41,1040,999,1
1328,758,1230,-1,-33,640,1033,1032,56,-10,870,838,7
1304,552,1048,0,-14,948,812,1005,31,-32,608,1057,4
1273,933,932,-8,-13,832,1156,776,71,-15,752,1043,2
1242,892,1158,-11,-29,1029,1194,749,92,-25,803,968,8
1209,902,817,-3,-35,1051,1031,981,112,-24,1150,870,5
1171,989,1192,-13,-26,652,1223,652,63,-25,1104,1004,1
1168,622,1021,-13,-35,976,886,796,41,-9,571,1088,23
1340,743,1023,-14,-31,968,864,1110,48,-16,549,1027,15
1202,858,1094,-1,-38,1076,1080,1046,87,-32,537,666,12
1328,601,918,-9,-7,853,1073,723,43,-7,519,770,10
1191,740,1284,-6,-5,1104,725,1250,115,-39,866,689,18
1168,901,884,-11,-44,761,1267,910,91,-5,594,803,0
1197,509,1047,-6,-12,739,708,1336,116,-8,828,679,14
1130,681,1132,-9,-39,825,1225,1048,37,-28,1043,862,11
1106,627,866,0,-37,1152,1026,993,57,-8,625,865,20
1191,646,1197,-10,-5,1132,906,1118,49,-44,858,924,2
1268,866,1103,-1,-9,845,1005,1341,101,-24,644,1074,6
1304,657,1148,-3,-27,1029,960,1107,34,-22,973,899,21
1179,688,1115,-9,-12,1135,1276,1219,86,-37,1130,1024,0
1332,940,1096,-1,-5,861,1335,1163,71,-7,1106,973,16
1181,646,1234,-4,-32,804,1318,1025,110,-24,1132,715,22
1111,663,1118,-14,-20,1133,861,742,100,-15,1051,948,19
1198,540,1082,-4,-7,729,1171,659,83,-24,580,789,8
1283,577,836,-7,-20,823,834,710,77,-34,992,979,5
1139,850,837,-4,-20,940,1141,891,46,-28,924,1095,24
1119,926,830,-6,-24,935,1305,1061,46,-33,607,1187,10
1172,516,1276,-7,-7,1104,862,1325,95,-36,488,931,2
1187,943,953,-8,-44,1033,1054,1097,42,-33,577,936,17
1131,783,950,-4,-5,948,1111,777,58,-33,1128,1048,4
1328,777,1102,-9,-39,645,1334,1274,67,-34,414,826,17
1206,729,1296,-7,-17,890,1215,1306,33,-21,784,1131,13
1261,812,854,-11,-17,759,913,908,45,-33,673,1137,3
1186,733,1238,-13,-42,890,858,1204,68,-36,826,981,20
1123,911,1266,0,-39,1017,948,1349,82,-19,898,1127,18
1289,587,1207,-5,-21,881,1275,1125,32,-18,859,914,23
1158,749,884,-6,-40,984,870,775,32,-11,983,693,21
1115,740,1233,0,-5,1119,1227,1136,116,-34,573,1149,20
1163,886,1247,-9,-8,939,839,827,69,-40,743,960,9
1191,696,1171,-1,-10,1012,804,733,55,-10,993,935,2
1309,705,1006,-6,-29,867,770,784,102,-20,1092,854,10
1289,667,889,-14,-44,837,1085,656,55,-26,557,990,9
1191,519,1091,-10,-18,933,954,985,56,-23,529,882,10
1203,602,1027,-1,-20,630,913,1045,80,-16,442,1189,2
1304,590,1012,-5,-37,957,1161,949,90,-14,1003,782,22
1202,626,1217,-2,-30,1028,737,1005,92,-21,949,1052,6
1168,676,1297,-10,-21,1192,1062,1060,103,-39,656,906,24
1236,750,1237,-9,-31,1101,1115,864,110,-6,739,840,0
1307,674,1091,0,-44,815,1132,711,31,-27,812,704,16
1122,505,1293,-2,-11,906,1150,1253,105,-27,830,1060,19
1328,560,1116,-10,-43,741,745,1285,31,-17,635,1044,14
1349,881,1279,-7,-44,899,742,873,53,-23,878,818,8
1153,523,1243,-3,-18,1108,1235,781,32,-21,1064,650,4
1100,970,1161,-5,-28,915,1172,867,107,-10,1105,666,12
1130,877,1113,-9,-9,925,735,703,47,-36,442,804,6
1131,508,1003,-14,-27,1043,746,1072,52,-18,1131,969,0
1279,660,1061,-9,-40,1180,703,1344,48,-16,1158,673,9
1309,543,961,-2,-35,722,1058,1081,98,-29,1047,805,12
1172,786,844,-12,-19,1090,823,699,103,-15,439,830,13
1198,526,1223,-13,-35,711,1034,731,83,-10,714,1107,16
1220,838,1106,-9,-31,1193,796,749,76,-25,484,1178,23
1249,839,818,-10,-24,721,1247,654,78,-14,833,962,18
1147,989,998,-5,-28,907,731,852,49,-28,741,829,4
1289,788,913,-3,-43,649,1171,652,92,-17,1196,1170,6
1264,694,938,-8,-40,1096,790,832,54,-13,403,966,19
1207,794,869,-13,-30,1147,1100,1209,83,-18,819,799,23
1301,765,821,-6,-10,723,758,1263,68,-10,1157,1148,0
1196,681,1059,-10,-8,743,1266,888,113,-19,482,1189,8
1114,742,811,-8,-41,1091,1086,1191,114,-33,456,808,4
1309,902,904,-7,-9,794,1099,1040,89,-17,881,668,2
1127,698,990,-5,-14,821,1081,747,41,-7,699,1118,23
1177,705,934,-14,-32,663,1007,747,79,-7,642,1098,18
1140,900,1087,-12,-38,951,937,726,116,-25,800,951,12
1101,949,1016,-3,-30,605,1190,1129,64,-6,1185,729,12
1331,781,1165,0,-9,749,1083,1314,77,-31,877,910,24
1218,941,971,-1,-29,1044,1220,899,75,-40,409,879,21
1214,803,898,-2,-12,609,1194,1342,72,-5,580,987,13
1337,864,998,-8,-40,1148,730,760,56,-30,445,811,21
1213,902,943,-7,-26,744,994,938,68,-16,876,1022,10
1226,567,1236,-8,-20,1144,1340,1249,76,-16,444,776,15
1104,569,1133,-6,-28,983,715,991,74,-15,640,709,9
1243,737,1109,-2,-23,704,1026,781,99,-7,1168,1136,10
1203,985,1221,-1,-23,1090,792,894,93,-27,905,1156,24
1107,716,943,-12,-6,1198,1056,874,82,-18,635,933,6
1155,886,964,-11,-18,939,1071,1098,57,-27,1142,664,15
1291,798,817,-2,-6,1140,1253,1109,67,-34,774,665,23
1103,924,934,-1,-44,752,785,760,99,-43,869,766,4
1148,898,1139,-4,-5,1199,878,730,104,-9,1067,1124,21
1164,808,952,0,-15,931,1275,800,61,-24,435,1194,1
1170,759,1134,-8,-35,1135,1145,1178,39,-37,569,1088,19
1238,999,828,-2,-16,659,707,1332,108,-39,1012,906,8
1234,888,1228,-7,-33,678,1122,941,49,-34,853,682,22
1318,760,1245,-8,-19,992,1271,854,100,-22,1086,893,16
1227,740,1291,0,-17,668,672,675,99,-37,508,947,15
1184,947,1153,-9,-17,612,1286,1016,104,-36,951,1057,5
1274,787,1079,-11,-26,753,807,1199,87,-35,515,1083,8
1210,987,1232,-12,-30,680,1303,926,87,-36,1188,703,15
1322,638,1205,-13,-6,1158,762,957,40,-30,1102,754,24
1102,733,1100,-11,-22,868,959,1088,35,-19,504,903,18
1230,537,1175,-11,-32,1099,1060,1072,90,-35,1161,802,2
1327,727,1232,-6,-5,631,753,1227,63,-17,650,693,22
1230,856,825,-9,-30,814,1023,890,58,-5,833,848,19
1301,780,1031,-3,-5,646,885,918,87,-20,650,812,11
1317,800,1218,-13,-30,990,1123,1116,76,-19,781,716,21
1337,980,859,-10,-15,1059,1100,1304,115,-29,1069,824,12
1308,700,981,-7,-34,842,858,924,99,-19,549,1160,14
1206,622,1208,-4,-17,714,1177,838,111,-38,839,1193,21
1137,819,942,-7,-14,697,1145,803,47,-25,888,963,18
1349,721,1298,-4,-24,789,836,1200,64,-5,450,841,10
1333,879,993,-4,-28,813,1150,757,71,-44,875,776,4
1341,747,848,-5,-28,634,714,1005,52,-9,1098,900,8
1303,755,1268,-9,-16,770,869,1303,32,-21,1044,937,12
1110,970,977,-12,-14,727,932,800,87,-8,463,1118,22
1130,911,1224,-4,-31,953,849,882,96,-5,1147,1179,0
1303,992,1053,-7,-8,1003,1200,1024,70,-27,856,820,14
1252,741,1025,-6,-14,952,1331,1098,110,-35,694,931,23
1224,662,879,-10,-42,699,1047,760,64,-37,402,925,14
1100,599,1115,-1,-10,918,695,711,113,-7,783,651,22
1162,542,1134,-9,-15,1176,1260,935,74,-12,1101,731,19
1132,788,1131,-4,-42,757,672,695,78,-19,956,915,14
1310,735,1100,-3,-26,797,675,1224,91,-30,834,712,4
1177,965,1080,-7,-14,824,955,1095,60,-30,573,1063,20
1168,667,941,-3,-16,1065,1301,1259,54,-33,1146,781,2
1348,649,935,-2,-27,954,1059,1081,65,-11,575,1057,0
1297,547,905,-9,-8,1188,819,720,64,-33,1094,878,13
1331,672,1052,-2,-41,904,1025,706,48,-38,691,817,0
1339,564,920,-10,-36,783,1344,1201,76,-13,1044,847,9
1282,992,821,-11,-28,601,1081,749,73,-28,663,967,2
1199,876,1110,0,-5,855,916,1185,86,-43,513,960,13
1247,846,901,-5,-16,779,883,868,43,-10,840,868,21
1167,771,1191,-3,-16,1078,908,1326,104,-25,1021,778,12
1270,775,1100,-2,-5,875,1042,706,60,-43,795,762,22
1332,790,1146,-8,-35,1063,1062,802,33,-26,911,786,20
1153,628,915,-1,-42,881,774,753,113,-10,1158,836,13
1249,548,1068,-9,-24,698,924,1121,80,-20,674,852,6
1192,941,803,-1,-41,1067,820,1307,98,-8,1023,742,24
1311,529,1295,-13,-33,915,998,684,30,-7,1163,1167,18
1155,888,867,-1,-25,963,727,1218,75,-19,777,1035,4
1289,686,1139,-14,-12,1094,700,1053,99,-43,497,821,4
1208,963,1064,0,-31,712,1159,768,96,-40,698,887,14
1290,718,856,-13,-40,717,820,1031,84,-16,824,750,21
1319,615,1214,-13,-30,880,682,889,101,-10,706,889,6
1304,513,1136,-4,-40,611,889,1191,35,-22,1092,761,4
1223,907,1219,-3,-28,993,942,1008,111,-22,949,907,6
1263,644,828,-3,-20,976,962,1149,62,-22,1022,906,16
1244,692,1115,-12,-40,1075,1155,1194,79,-32,778,843,23
1172,951,968,-12,-35,858,693,772,90,-27,692,933,6
1346,546,1020,-8,-16,918,1016,1066,68,-20,483,1020,5
1281,718,875,-14,-9,1144,1210,951,65,-32,680,1132,18
1238,806,1224,-5,-32,1001,845,1021,78,-37,609,1161,10
1165,937,1273,-4,-41,640,733,940,117,-17,529,942,19
1197,633,1189,-13,-29,1080,1208,1041,40,-23,612,1033,16
1179,988,825,-13,-38,665,765,960,54,-30,906,919,9
1330,698,975,-5,-40,603,654,1239,103,-5,631,905,2
1186,529,1139,-3,-30,680,1346,1336,109,-18,756,1196,17
1338,675,1273,-8,-26,969,869,1235,44,-17,499,956,20
1321,820,1034,-14,-26,1159,693,1176,104,-20,783,873,0
1105,731,1090,-9,-34,631,1045,1176,43,-22,1155,1136,23
1215,956,897,-4,-35,769,1046,1175,39,-19,942,846,10
1133,850,1107,-5,-39,824,689,1022,94,-15,863,971,15
1203,540,1188,0,-26,735,911,1221,108,-8,888,1002,20
1290,821,926,-5,-27,800,878,800,54,-13,1198,861,21
1133,899,957,-5,-44,827,1113,1264,63,-39,845,1150,21
1198,880,1040,-4,-26,699,761,1116,102,-11,974,1044,17
1140,867,970,-13,-10,741,1122,1283,92,-6,504,1006,22
1165,811,1275,-3,-43,751,751,1347,40,-7,1154,835,19
1137,686,895,-3,-17,1190,995,1060,79,-21,903,1175,14
1186,648,1029,-14,-19,998,1035,747,38,-9,1043,1178,21
1126,750,897,-5,-18,676,943,1188,78,-33,543,858,20
1141,503,1229,0,-33,625,990,1092,95,-8,902,761,13
1345,790,1170,0,-22,1195,1216,1300,96,-25,984,696,19
1323,716,818,-9,-32,700,873,807,97,-24,568,969,10
1124,779,1251,-12,-35,769,1276,817,36,-35,1012,690,5
1101,800,1103,-7,-18,967,770,1084,74,-33,585,774,14
1214,851,1290,-1,-37,1140,986,759,111,-29,778,1039,10
1141,657,894,-11,-39,913,935,702,65,-24,432,884,20
1141,667,1254,-12,-13,1010,1150,1193,68,-38,638,652,18
1133,721,825,-4,-25,1111,1333,665,37,-40,478,1021,17
1235,695,850,-13,-12,832,1060,738,107,-23,1050,665,8
1305,576,1257,-9,-29,1030,976,903,113,-44,1188,1115,17
1212,964,824,-12,-39,755,1024,866,31,-24,473,1199,5
1260,947,991,0,-21,685,665,1037,119,-13,1176,807,15
1325,898,892,-8,-24,674,703,766,81,-14,578,767,6
1172,871,1253,-9,-11,1165,1038,947,68,-32,515,1176,2
1324,501,1242,0,-8,915,1050,943,40,-29,1029,1046,7
1265,585,812,-8,-43,777,872,1127,60,-44,1097,1129,14
1163,623,1152,-2,-17,1143,1071,984,50,-39,599,981,17
1294,751,1127,-3,-16,813,950,987,98,-14,421,1117,1
1152,763,1281,-14,-35,906,1320,984,79,-6,675,897,19
1105,923,1199,-13,-22,950,994,654,94,-43,1160,982,21
1320,957,1009,-7,-34,826,1005,943,72,-31,912,987,7
1343,651,1139,-12,-42,831,708,1239,52,-40,991,1103,2
1337,752,1212,-14,-32,815,1010,1343,79,-15,802,758,9
1285,893,1057,-9,-31,1109,805,857,35,-39,741,910,8
1259,808,1145,-12,-16,728,1306,1202,40,-39,823,1013,21
1237,611,1270,0,-13,1004,1017,895,86,-40,705,927,13
1340,551,984,-4,-16,890,1258,1300,90,-8,630,725,11
1287,559,1156,-13,-33,877,1140,1233,104,-39,530,731,2
1223,746,1282,-10,-15,1067,838,1312,50,-14,670,808,1
1194,990,994,-11,-28,1169,1187,1032,51,-36,718,830,21
1291,860,907,-7,-7,995,735,1063,39,-44,1165,678,13
1101,861,1119,-9,-19,889,857,954,86,-27,1033,764,11
1179,685,1202,-14,-31,681,1134,792,99,-29,991,1113,2
1306,643,1040,-10,-33,771,1158,1268,30,-8,885,883,13
1112,947,933,-10,-35,1166,760,716,45,-20,1091,1185,3
1334,762,1040,-14,-9,692,1164,969,56,-11,737,674,13
1326,669,1043,-4,-17,811,1240,657,50,-42,1056,746,10
1249,824,1191,-6,-10,665,918,1054,74,-17,1173,995,4
1211,811,1024,-4,-40,1035,808,1192,84,-28,713,843,16
1234,652,1256,-13,-27,708,1175,1259,39,-6,567,1078,2
1214,948,1216,-10,-23,961,950,1021,73,-5,929,1052,17
1124,520,1078,-13,-37,852,816,1223,112,-28,1070,681,14
1231,698,921,-4,-8,1027,1327,1008,77,-40,626,945,20
1165,704,887,-9,-34,600,1139,1084,115,-37,670,1087,21
1338,762,1224,-4,-5,1014,1051,1233,44,-35,540,744,12
1222,771,804,-3,-14,691,657,659,71,-19,1031,811,24
1242,810,818,-4,-44,721,1128,668,37,-19,458,1063,20
1107,704,1055,-8,-41,1106,790,987,93,-23,614,788,23
1236,756,852,-11,-20,836,1332,1150,63,-39,904,1194,14
1121,876,1042,-2,-30,848,1204,994,78,-43,563,677,5
1256,808,821,-11,-31,1171,1136,1295,119,-36,423,791,9
1162,568,1048,-5,-26,711,1310,682,80,-6,1106,946,18
1238,600,1217,-11,-29,1108,655,857,119,-24,979,1174,9
1185,785,1155,-1,-39,1125,1115,739,107,-43,1160,1100,3
1231,928,1053,-12,-44,824,1219,685,69,-31,528,823,2
1306,776,979,-3,-15,1168,969,1062,68,-32,915,1086,9
1266,508,812,-2,-39,1137,1305,1034,109,-41,1094,753,21
1245,727,853,-6,-22,857,991,710,45,-38,868,731,4
1228,811,1118,-6,-40,748,1131,946,56,-42,451,853,13
1249,856,1170,-2,-20,912,1098,1327,88,-33,411,992,15
1221,972,868,-5,-26,757,1100,1287,67,-30,960,761,21
1170,617,1046,-7,-6,1022,1080,1098,62,-22,647,838,6
1200,968,1169,-1,-36,771,908,1349,82,-42,1168,1160,16
1287,903,1076,-4,-15,728,651,678,58,-26,1017,1070,15
1340,921,1186,-7,-36,1107,681,660,30,-42,1007,1184,24
1341,601,1006,-1,-43,626,889,776,75,-18,421,771,14
1136,596,1227,-5,-22,1058,953,705,87,-31,1087,989,6
1314,954,1298,-7,-31,1078,1116,1219,70,-36,841,982,15
1344,969,1262,-8,-20,883,1061,1303,38,-16,429,730,8
1114,667,1039,-2,-17,1113,1199,842,97,-42,799,1095,6
1218,593,1257,-7,-9,655,1134,1276,68,-32,853,936,5
1196,941,1005,-8,-30,905,728,908,64,-42,498,730,6
1138,603,977,-11,-39,931,1320,663,54,-14,1161,1191,16
1320,816,1203,-14,-20,1155,900,899,89,-26,428,1022,14
1214,920,1230,-14,-44,823,1038,1330,40,-34,921,852,18
1110,992,939,-13,-11,1176,1309,1095,47,-39,1127,752,2
1201,503,1036,-2,-12,1134,659,919,41,-40,467,1067,17
1188,604,921,-11,-41,1000,664,1023,69,-5,515,754,10
1300,709,906,0,-39,1149,1220,1236,60,-17,400,924,7
1103,920,1071,-6,-24,861,770,977,93,-18,649,1188,6
1114,929,993,-1,-27,1062,1228,698,43,-22,1135,862,15
1116,996,1193,-4,-24,1125,1155,1107,45,-14,1190,1146,19
1306,826,1019,-5,-26,751,941,1349,48,-27,791,970,20
1232,583,1251,-10,-10,881,1264,945,107,-34,990,1003,15
1285,574,854,-1,-19,1042,1073,929,51,-21,934,654,8
1339,731,1142,-13,-41,1164,901,903,75,-36,1031,950,19
1339,951,1221,-6,-19,1160,863,1121,91,-19,1078,747,23
1137,542,1227,0,-25,961,1077,996,65,-34,940,735,5
1255,786,1275,-6,-17,666,910,693,31,-28,504,780,1
1238,986,1148,-5,-14,873,967,1347,44,-20,946,1014,1
1255,715,874,-4,-8,1089,1099,1267,68,-16,1110,1171,3
1156,627,1071,-3,-31,841,1179,1314,37,-20,859,823,5
1184,938,932,-14,-40,1010,1291,1056,73,-26,1056,825,12
1260,897,808,-5,-11,707,904,1154,36,-41,1142,1002,4
1219,601,993,-4,-30,1140,1105,834,38,-5,1100,964,22
1322,514,1067,-10,-36,882,994,1028,35,-8,442,994,21
1279,967,874,-4,-21,1038,757,813,77,-10,775,773,19
1268,884,881,-11,-30,911,899,1100,30,-7,663,1093,20
1296,834,912,-9,-40,892,1056,789,55,-10,668,860,5
1307,704,1036,-8,-38,730,701,831,72,-15,476,677,9
1272,706,1291,-5,-38,1098,942,1249,106,-40,529,667,6
1300,555,986,-11,-31,1050,794,1122,86,-28,570,812,17
1210,829,1102,-6,-17,783,725,759,63,-20,821,1011,10
1176,879,958,-4,-43,801,873,871,110,-31,1043,915,5
1174,542,1134,-6,-23,729,1349,1087,64,-34,1085,1032,15
1321,707,891,-4,-42,825,1224,1291,57,-16,715,964,21
1200,952,1127,-1,-8,1072,1136,1200,87,-37,958,1139,17
1118,934,920,-14,-40,834,871,1344,87,-29,519,853,9
1111,786,1227,-13,-35,852,1218,955,71,-38,999,1161,7
1187,522,1027,-5,-6,1052,852,920,101,-32,517,690,0
1258,599,1276,-8,-10,1138,1036,1046,58,-7,561,675,5
1188,610,1045,-14,-39,623,738,834,115,-44,1104,1006,8
1314,706,1027,-13,-36,1074,1145,735,51,-32,666,1048,20
1175,627,1234,-1,-39,1107,1007,845,70,-9,465,965,20
1335,832,1293,-13,-9,956,1152,811,56,-27,480,903,13
1279,836,1152,-2,-35,899,1052,868,30,-35,687,833,16
1114,966,899,-9,-23,759,1244,748,59,-32,421,1196,13
1202,741,1287,-6,-32,844,650,1217,111,-42,734,1014,4
1234,755,1267,-3,-11,613,1170,948,79,-5,1023,1184,24
1163,985,1067,-6,-23,1099,865,874,99,-16,815,1062,1
1233,810,928,-7,-26,638,678,691,106,-14,1079,689,15
1120,853,1044,-8,-32,1052,692,1151,95,-15,465,716,13
1348,978,1051,-9,-23,610,865,852,113,-7,1008,742,20
1341,531,1037,-14,-8,608,732,1193,51,-15,700,952,24
1234,610,1181,-5,-39,650,1116,1022,119,-7,409,1060,21
1119,533,934,-8,-19,1161,812,824,99,-12,1082,779,18
1339,733,1128,-2,-40,612,1112,1155,89,-43,722,726,16
1300,893,1182,-8,-42,823,980,1030,94,-41,1046,1031,21
1333,908,1132,-9,-41,1163,683,1228,53,-38,638,721,2
1287,790,800,-2,-12,861,708,874,56,-43,1089,728,22
1143,680,939,-8,-20,1027,1062,811,114,-42,448,925,23
1171,607,873,-4,-22,759,1291,1349,33,-40,894,863,11
1186,616,1149,-4,-38,903,995,689,117,-33,832,1192,8
1340,720,945,-13,-9,915,1229,1179,40,-5,538,1141,16
1165,977,835,-10,-35,687,1164,741,108,-24,806,1023,12
1320,546,1088,-12,-7,1080,672,784,46,-31,476,1150,22
1291,580,816,-11,-5,637,1027,1294,78,-24,625,835,0
1242,537,1213,-3,-7,1021,856,937,74,-42,457,771,14
1349,712,1100,-8,-38,1134,1181,1152,32,-40,1142,1184,1
1114,642,1240,-13,-41,738,1099,927,62,-18,986,997,18
1180,529,1151,-14,-26,1048,858,655,71,-42,807,779,1
1336,983,1070,-1,-29,1178,676,1308,99,-26,710,792,24
1226,855,933,-5,-34,880,1201,1082,109,-6,451,756,24
1116,728,1047,-14,-35,813,1050,901,73,-27,763,1090,21
1100,654,1018,-9,-9,624,1097,899,73,-13,1115,1013,12
1230,593,1232,-3,-8,943,1131,805,117,-28,500,1141,17
1341,963,958,-11,-28,892,747,1343,47,-11,1000,1104,0
1128,922,1262,-12,-17,870,961,661,115,-34,415,988,24
1310,507,1187,-8,-10,620,906,958,32,-16,606,749,4
1213,999,847,-4,-19,916,1315,732,76,-25,1071,714,15
1206,709,821,-4,-31,752,1186,1298,73,-31,816,675,24
1219,507,929,-13,-25,734,748,1081,82,-10,530,702,0
1341,611,954,0,-42,684,1101,1183,88,-36,572,694,0
1337,623,1116,0,-28,1186,704,1342,75,-41,507,1060,11
1161,888,903,-5,-10,1150,651,991,35,-37,864,726,18
1129,692,1190,-3,-21,648,1016,663,57,-11,440,867,17
1258,504,1113,-3,-39,703,1345,794,51,-36,705,1081,5
1123,906,1085,-1,-24,1077,688,1137,102,-6,1118,991,2
1177,670,960,-14,-43,701,1002,1065,51,-22,659,1015,15
1166,790,1210,0,-28,746,654,788,103,-6,1184,762,9
1251,702,1292,-10,-26,910,657,966,61,-35,460,954,23
1181,509,1102,-12,-16,1068,1128,820,31,-26,790,991,15
1315,716,911,0,-16,1185,1160,1323,36,-6,706,990,23
1156,627,969,-12,-18,709,1255,1334,35,-44,1160,1087,1
1147,732,1184,-5,-31,1184,941,926,62,-40,1042,1145,13
1191,650,1238,-7,-29,1043,813,951,97,-16,1092,983,5
1263,863,1261,-8,-36,941,837,1107,85,-44,784,691,2
1255,972,1240,-6,-24,1198,1332,662,47,-34,898,1069,18
1252,654,894,-9,-17,902,1279,927,32,-41,698,970,12
1159,802,1119,-7,-32,943,712,802,50,-41,845,745,15
1265,840,1259,-8,-44,648,1069,1300,38,-35,1113,875,23
1188,993,1067,-13,-18,733,842,1168,48,-42,779,912,17
1342,743,1291,0,-8,969,886,1243,84,-21,1157,947,4
1318,874,1266,-10,-16,735,1229,673,57,-5,917,1082,3
1307,917,820,0,-21,938,772,957,31,-12,602,1162,11
1154,987,818,-5,-25,984,1328,662,56,-27,407,1098,7
1108,649,1101,-14,-37,631,1218,1221,86,-9,795,911,0
1287,558,1056,-4,-16,768,844,950,30,-14,825,865,1
1184,774,839,-12,-11,620,896,1150,89,-34,713,773,18
1130,680,1154,-8,-43,988,865,1277,118,-44,999,947,23
1201,619,1016,-12,-28,1164,1011,1327,79,-15,1145,799,17
1222,842,937,-3,-36,1137,1064,1084,34,-5,564,1040,8
1319,873,967,-4,-18,1190,1254,1326,105,-25,844,864,6
1165,945,856,-14,-15,1102,707,696,115,-34,782,743,7
1140,940,921,-5,-9,888,854,991,104,-40,561,715,6
1268,713,1284,-2,-30,1116,666,931,90,-28,1183,1065,16
1200,896,893,-13,-36,799,832,795,93,-9,604,964,9
1279,535,958,-8,-28,1004,1207,744,42,-10,492,1148,13
1222,841,1257,-6,-32,736,1036,1066,72,-30,1115,1167,23
1266,633,1157,-11,-12,983,1322,978,105,-34,1193,919,18
1296,807,1076,-2,-42,1185,1273,862,106,-30,927,1061,18
1213,512,903,-1,-20,1082,1018,900,37,-44,1182,820,24
1138,768,847,-9,-17,949,738,787,52,-6,442,1099,7
1346,842,1021,-13,-35,1020,1227,1274,79,-29,716,759,4
1124,899,956,0,-39,1070,817,944,55,-15,676,785,15
1164,852,841,-4,-32,1071,987,912,112,-16,930,1188,16
1281,608,1012,-14,-12,1062,693,850,38,-39,526,1075,22
1236,554,1128,-11,-35,857,769,1329,90,-34,760,807,3
1198,917,824,-4,-32,993,1140,907,67,-37,1105,1043,22
1210,577,1214,-2,-15,705,771,1098,110,-21,882,1142,12
1124,836,1216,-4,-10,965,1109,1052,70,-24,715,829,12
1204,884,1269,-12,-34,934,1189,1328,79,-32,614,827,5
1267,789,846,-12,-29,1033,1050,966,58,-43,1146,682,4
1291,583,1111,-8,-40,737,734,1105,49,-44,1069,889,18
1291,507,1151,-7,-22,1008,774,797,91,-26,956,765,13
1334,649,1210,-14,-40,600,862,1194,116,-14,727,942,16
1228,619,801,-11,-25,878,1271,1263,117,-44,674,742,22
1288,633,1185,-6,-9,972,1184,1061,102,-39,703,1065,2
1131,920,1116,-13,-39,927,844,1010,61,-42,1104,881,9
1184,684,1050,-9,-23,606,909,945,113,-38,970,932,22
1233,745,815,-1,-28,1154,984,1249,115,-20,476,1077,10
1244,734,1263,-10,-16,925,1147,668,61,-38,1156,835,21
1102,640,1161,-7,-8,855,1166,732,100,-11,531,789,0
1243,791,1178,-10,-26,884,945,742,56,-44,852,700,3
1106,868,885,-5,-41,1032,860,1002,41,-43,718,875,21
1201,923,860,-12,-35,644,1256,829,74,-38,1133,1164,4
1302,820,1090,-2,-35,978,1094,687,67,-22,931,717,3
1335,770,842,-3,-25,864,1213,1258,94,-19,933,1135,20
1137,604,923,-5,-20,747,1108,772,64,-7,541,885,23
1279,665,966,-7,-26,608,803,937,48,-13,967,1139,3
1222,751,1115,-1,-6,887,1346,776,32,-28,686,998,6
1327,733,983,-6,-38,1081,836,976,97,-17,585,709,15
1318,645,1224,-5,-33,650,710,1326,95,-31,743,960,3
1146,890,1215,-13,-23,950,1295,826,100,-25,764,889,18
1158,914,1256,-1,-31,861,1185,787,87,-13,727,666,22
1270,505,946,-14,-33,984,656,1104,68,-43,959,659,2
1279,906,1229,-2,-15,725,962,665,98,-20,1080,1032,1
1102,684,801,-14,-35,614,714,1277,108,-35,617,1193,3
1292,887,1100,-9,-11,1182,767,1115,48,-7,1142,937,20
1102,817,923,-14,-15,796,1013,990,72,-13,594,862,23
1110,998,1090,-10,-38,763,972,1336,88,-39,692,738,18
1285,640,1110,-10,-21,619,656,895,118,-44,1128,657,16
1314,904,812,-12,-29,790,1285,1202,60,-21,1173,658,8
1233,553,880,-2,-23,768,934,1270,103,-5,647,1112,4
1179,753,911,-4,-23,931,763,818,82,-28,1198,722,16
1308,584,1275,-12,-19,1180,1300,1190,87,-36,513,1174,19
1165,773,937,-5,-34,930,1169,781,100,-10,520,948,0
1200,929,1246,-11,-23,920,696,1268,85,-27,712,1150,21
1348,727,1230,-5,-39,710,1207,748,31,-16,1044,976,12
1168,829,822,-3,-40,993,694,1050,106,-35,419,820,24
1276,895,802,-7,-5,619,680,1291,32,-22,665,952,9
1151,617,846,-3,-16,963,980,1314,40,-24,453,990,2
1173,637,808,0,-17,1134,1295,1084,68,-44,1032,714,21
1108,908,1241,-7,-21,723,906,1233,63,-38,1059,803,14
1340,589,1274,-3,-25,720,802,869,70,-28,529,1034,22
1129,861,1061,-1,-32,1073,680,732,78,-14,1075,823,24
1339,992,1091,-1,-23,1105,1202,1322,42,-20,931,822,21
1292,771,975,-13,-23,770,693,758,87,-39,777,708,20
1189,993,1014,-10,-33,954,1293,723,33,-10,975,754,5
1244,860,1053,-1,-9,875,1270,1136,83,-37,1070,975,22
1162,645,1257,-6,-6,1066,814,1029,34,-23,1027,1153,24
1341,923,1048,-5,-16,963,1163,895,93,-8,913,763,11
1235,707,1147,-3,-29,617,972,1264,72,-16,447,985,6
1239,532,937,-4,-14,1025,1091,997,84,-31,569,1090,24
1262,566,959,-5,-24,768,1239,1296,86,-19,830,932,9
1226,622,1135,-4,-20,638,821,913,99,-14,1094,916,24
1236,708,954,-8,-36,793,772,1287,61,-44,466,895,15
1264,514,1211,-14,-41,874,1294,675,52,-27,862,1059,10
1299,778,1119,-11,-31,672,918,980,36,-17,524,889,11
1298,747,1126,-7,-6,607,1284,1171,70,-33,962,797,3
1117,582,1099,-8,-27,982,819,1082,82,-8,874,932,15
1137,544,916,-5,-14,963,736,910,32,-13,766,962,11
1156,712,1054,-12,-44,951,973,923,49,-10,868,666,4
1242,788,907,-4,-14,801,735,1108,63,-16,595,1177,1
1258,975,851,-1,-17,915,837,733,118,-23,1045,691,20
1111,755,806,-7,-10,654,934,1334,35,-42,760,1194,12
1251,591,1271,-4,-14,1175,712,1017,66,-14,770,721,14
1121,685,1117,-3,-5,727,1021,1158,78,-20,940,1116,23
1247,562,1119,-12,-9,714,1071,1057,117,-5,776,867,18
1111,997,1161,-14,-29,1073,809,726,109,-6,622,1121,8
1289,718,1282,-13,-40,1113,802,802,36,-30,1041,950,2
1311,585,1004,-9,-44,739,1269,1249,77,-21,465,1160,17
1201,791,1127,0,-40,1076,665,1041,48,-12,557,906,5
1147,695,1168,-4,-37,901,993,928,37,-41,658,676,10
1311,689,1002,-14,-39,980,1045,805,93,-12,661,791,14
1213,512,833,-13,-5,1104,970,933,111,-31,489,1128,12
1347,924,1239,-7,-21,828,804,1239,80,-36,427,883,18
1170,725,1148,-14,-19,1192,945,822,104,-41,885,745,2
1205,899,1015,-11,-26,889,1068,1124,58,-9,470,885,14
1148,936,873,-2,-35,639,994,1105,82,-31,1057,834,16
1166,526,1020,-7,-28,775,1143,771,39,-37,677,1099,11
1295,663,821,-9,-29,1130,952,1064,92,-32,505,684,3
1284,889,1138,-6,-30,1100,1181,848,33,-30,925,853,1
1181,578,877,-2,-14,856,836,1085,114,-35,637,872,23
1224,606,1081,-13,-24,746,1074,808,44,-29,1109,1126,19
1187,911,1105,-14,-7,891,1087,1119,46,-33,999,1145,6
1127,843,875,-10,-16,1055,677,855,48,-33,946,961,7
1337,503,821,-14,-36,750,746,1331,75,-18,1135,1154,16
1219,536,1199,-1,-13,809,996,920,47,-27,986,665,16
1104,959,829,-13,-31,941,771,1059,64,-13,448,1031,20
1202,952,1052,-10,-23,877,783,938,48,-5,1104,880,13
1261,638,863,-10,-22,1155,1299,950,85,-8,981,1165,24
1119,581,1185,-6,-9,1186,1154,879,32,-42,554,1043,16
1157,616,1021,-6,-40,760,872,1173,59,-13,1115,790,16
1267,647,1061,-8,-36,1101,1147,929,112,-40,1138,819,23
1334,924,1234,-11,-5,955,1200,1269,71,-8,519,976,5
1334,711,1243,-14,-44,682,1345,1298,116,-29,655,774,3
1219,828,1270,-7,-38,933,860,786,89,-18,820,1037,22
1150,924,958,-8,-6,1094,901,1125,91,-18,839,954,24
1278,811,1068,-3,-25,901,775,1037,68,-10,586,1127,0
1284,694,1292,-4,-11,1098,769,1260,90,-34,1164,967,9
1305,975,1152,-14,-34,809,794,672,47,-21,590,894,20
1157,666,1172,-6,-33,842,1143,1098,78,-18,927,1058,0
1318,937,994,-11,-7,684,1077,1008,112,-27,1125,742,3
1150,902,816,-14,-38,795,1248,1279,112,-22,1007,986,5
1170,664,1034,-8,-37,975,1184,1024,77,-43,650,795,1
1128,989,1006,-10,-31,840,1167,1249,66,-20,536,774,15
1191,513,999,-8,-35,746,1106,715,107,-7,831,927,11
1136,953,1252,-1,-18,1131,1334,670,98,-35,1190,1056,2
1271,510,1067,-4,-12,785,1015,979,34,-25,981,928,7
1298,652,1179,-7,-29,1150,1110,1128,70,-36,904,923,0
1324,819,1154,-2,-37,1112,1322,815,85,-32,1032,918,12
1109,907,1030,-6,-13,1164,1164,1249,86,-9,572,753,12
1323,990,950,-14,-11,697,1148,1047,103,-33,757,1021,18
1187,641,1169,-4,-42,809,974,1002,88,-25,712,844,24
1154,592,1050,-6,-24,654,1181,1165,57,-16,1097,656,24
1307,985,1081,-5,-35,702,1270,1309,69,-24,1177,682,10
1143,741,1046,-11,-18,820,1230,693,98,-30,1173,852,17
1267,728,1030,-8,-20,788,802,1217,79,-16,499,1115,14
1240,768,1288,-9,-42,831,880,671,67,-29,959,1050,22
1281,528,903,-13,-35,1122,932,831,48,-40,545,922,10
1337,891,865,-11,-32,1078,984,1051,74,-32,968,692,24
1254,734,1255,-6,-21,1097,900,1194,51,-34,913,889,4
1192,585,1217,-14,-21,898,1153,1292,48,-24,782,701,2
1177,640,867,-11,-20,1169,873,877,70,-6,452,826,19
1280,743,816,-5,-6,635,1194,1001,87,-6,626,1185,23
1236,653,898,-13,-9,776,875,706,53,-34,623,1080,5
1204,805,1295,-5,-10,702,742,915,88,-38,775,1030,5
1277,785,884,0,-41,782,840,780,113,-33,940,981,6
1143,704,1072,-11,-8,894,1223,1115,106,-24,614,709,13
1175,897,1128,-1,-21,881,872,701,115,-40,603,749,3
1171,851,1014,-8,-15,737,773,885,103,-30,908,774,4
1105,913,1097,-14,-33,1164,1127,959,97,-28,593,815,19
1347,747,853,-9,-29,604,785,1016,111,-16,758,723,11
1206,787,1227,-10,-8,714,856,887,53,-6,993,1006,17
1229,583,1191,-2,-16,925,1132,1304,62,-8,1089,667,10
1320,513,821,-12,-23,687,899,1074,59,-16,764,784,22
1150,931,1060,-2,-44,1013,682,1078,112,-31,869,763,18
1290,606,1180,-5,-19,650,1071,852,95,-44,517,1129,18
1216,993,1257,-7,-27,781,1148,840,44,-21,1191,856,3
1210,810,1103,-8,-22,681,1292,780,30,-5,863,860,4
1164,859,1014,-6,-15,776,1061,808,67,-14,636,1179,18
1325,739,1123,-2,-29,701,1172,695,67,-39,654,1104,21
1335,804,904,-5,-5,1153,1336,876,90,-20,1144,806,10
1269,985,1014,-3,-13,830,821,738,94,-20,995,903,16
1334,875,1130,-6,-20,799,1082,1152,93,-35,850,778,9
1175,650,806,-11,-14,717,759,890,105,-15,608,782,8
1173,562,1038,-5,-17,658,1068,1068,43,-35,806,699,12
1342,748,944,-1,-10,1004,941,1189,50,-33,519,938,6
1106,885,866,-11,-29,1194,963,712,51,-39,536,1014,5
1153,575,923,-4,-31,1061,951,1291,103,-7,609,739,9
1116,551,967,-14,-14,812,834,773,40,-8,833,692,14
1325,931,872,-4,-8,875,984,1065,62,-18,904,773,6
1104,942,857,-9,-34,1139,1102,781,65,-23,550,706,16
1204,710,1060,-14,-6,674,738,1193,46,-33,1078,851,3
1306,588,959,-3,-28,784,771,701,70,-36,794,1045,22
1235,665,1132,-2,-5,1158,1229,1057,31,-38,999,1161,3
1125,876,1068,-11,-42,783,679,712,49,-21,486,816,1
1112,896,952,-11,-39,1132,1048,1234,50,-28,773,984,3
1337,899,1169,-7,-34,1023,1230,769,69,-44,805,1012,18
1217,886,1108,-14,-12,924,1339,672,110,-11,926,1074,1
1221,652,812,-10,-34,1156,736,1321,65,-30,911,1108,11
1142,930,949,0,-9,685,774,824,94,-34,933,785,23
1294,946,1120,-2,-16,678,914,833,99,-6,1155,1107,1
1309,627,923,-11,-36,627,972,811,109,-22,1134,670,8
1114,908,969,-11,-6,807,745,1147,79,-44,702,1048,5
1239,777,987,-13,-41,1151,1306,1156,88,-42,545,1089,10
1136,965,1149,-10,-6,703,1169,1315,58,-18,1055,1096,1
1234,948,1220,-8,-33,1151,1152,736,118,-38,1139,1020,21
1321,786,1050,-3,-13,642,1138,1306,65,-32,829,1143,5
1179,793,934,-9,-7,904,808,1128,62,-37,882,1020,2
1343,932,1086,-2,-11,676,891,1105,73,-28,693,1039,24
1349,902,1265,-3,-32,1081,931,1281,69,-37,502,986,21
1330,728,1168,-10,-27,719,1039,826,55,-36,579,1096,3
1296,912,1275,-9,-23,684,765,1279,42,-31,716,797,10
1215,788,823,-6,-18,730,1003,913,75,-12,725,688,20
1187,971,1024,0,-17,725,1273,1153,108,-10,1189,787,17
1280,539,1029,-10,-42,1159,1254,1043,86,-31,954,1028,12
1188,947,912,0,-42,1014,1033,785,59,-17,901,673,2
1194,506,868,-6,-30,829,1212,1300,75,-41,567,1045,16
1218,687,1142,-1,-40,639,756,1124,53,-5,802,779,23
1213,676,1142,-6,-6,1132,1314,934,31,-35,937,932,3
1331,968,1180,0,-23,1075,949,926,86,-20,843,948,22
1269,518,1237,-1,-39,1109,1169,1098,77,-11,530,682,11
1160,534,1152,-4,-7,977,1119,1343,31,-22,992,1098,4
1217,923,1000,-4,-13,1050,758,1213,89,-14,452,940,1
1138,848,1007,-7,-11,1092,1297,1237,90,-29,1080,819,14
1275,563,1055,-3,-43,884,1041,886,54,-9,566,1140,8
1216,619,1265,-2,-31,957,868,979,94,-10,1015,865,10
1217,527,1079,-7,-38,785,684,1013,71,-13,609,937,12
1178,977,879,-9,-34,731,983,1196,106,-34,685,1166,22
1168,965,821,-4,-31,871,942,1249,31,-27,659,1168,21
1288,593,1027,0,-16,1130,1149,1226,35,-26,1168,1097,22
1312,910,1070,-7,-15,862,993,1272,88,-21,1113,1192,12
1327,589,960,-10,-16,688,798,1002,53,-38,1071,1106,6
1132,707,814,-14,-36,721,982,1042,42,-22,722,1046,16
1324,850,1052,-9,-37,1189,1182,1054,45,-25,954,748,5
1163,733,1064,-13,-30,997,1271,1085,89,-5,687,740,1
1101,762,844,-1,-29,896,685,1005,81,-43,664,948,1
1320,881,1191,-12,-37,1112,1198,943,90,-18,443,877,17
1292,504,1071,-12,-17,1038,1041,725,113,-44,765,938,15
1313,618,1123,-1,-33,920,1250,901,39,-7,1102,1106,13
1321,881,1218,-9,-24,868,905,1251,103,-41,488,911,7
1216,741,938,-5,-21,999,875,652,102,-10,596,800,15
1224,517,1043,-2,-42,1194,1216,974,86,-17,495,657,12
1269,699,1148,-9,-41,971,893,653,83,-25,571,1144,1
1180,688,1185,-3,-41,860,1132,1032,62,-13,1019,962,22
1112,555,1014,-11,-42,990,1101,825,102,-41,560,662,23
1254,950,843,-10,-40,1084,1011,653,64,-42,815,1099,1
1266,868,818,-5,-19,958,865,1269,104,-24,499,862,0
1342,884,929,-9,-10,855,1328,1315,94,-20,810,1143,15
1146,820,1209,-8,-38,827,1204,1318,96,-29,578,1048,1
1194,949,1104,-10,-35,891,1097,1099,48,-13,686,730,3
1198,949,927,-14,-31,690,1105,1296,54,-8,786,1142,21
1271,728,918,-13,-33,1155,1306,772,56,-6,1196,977,9
1334,764,809,-5,-19,865,902,1272,103,-31,677,670,17
1146,967,907,-4,-44,1120,1097,917,108,-39,769,1161,23
1316,629,1022,-13,-7,1125,1056,924,68,-23,942,661,22
1188,817,1148,-11,-5,661,1034,945,73,-14,661,1001,17
1138,974,1126,-6,-7,930,705,1111,82,-40,1180,1174,3
1266,853,819,-4,-21,761,885,796,92,-6,672,853,20
1203,754,1163,-8,-35,727,1220,1139,64,-29,1006,710,3
1313,783,1231,-5,-35,1103,847,1322,106,-9,1051,1086,20
1132,606,1215,-12,-39,990,1053,663,82,-18,692,841,4
1120,563,1211,-14,-25,947,1266,1305,112,-37,534,1053,23
1200,541,1251,-2,-5,838,769,1307,40,-35,489,1193,0
1189,809,902,-12,-43,942,1164,836,83,-6,1104,846,22
1186,858,1007,-3,-31,819,716,817,72,-38,587,727,0
1149,777,938,-5,-10,725,1151,1056,98,-26,781,882,12
1121,979,947,-3,-5,955,1107,997,82,-15,1193,1064,6
1331,802,901,-6,-23,1118,1284,942,70,-41,602,1104,14
1176,547,953,-12,-13,1013,1148,692,63,-28,792,1100,15
1235,783,861,-14,-12,649,903,1227,53,-12,681,1006,6
1214,841,1105,-7,-11,1155,928,860,49,-8,911,910,14
1284,752,1096,-2,-28,953,767,994,37,-13,775,1176,23
1120,941,1192,0,-32,1004,1049,1226,64,-6,548,714,3
1156,837,1174,-7,-32,921,1206,701,31,-37,871,769,8
1329,981,1017,-14,-16,1036,965,1248,91,-31,656,931,11
1170,684,1157,-6,-30,810,1265,916,77,-12,451,848,0
1157,690,973,0,-23,1001,964,1240,84,-24,986,865,17
1277,582,1049,-6,-37,1038,819,1210,91,-22,863,902,23
1112,989,1186,-2,-16,1028,959,1231,30,-20,991,956,6
1112,557,1029,-6,-41,714,765,1221,32,-22,1137,951,2
1133,884,1180,-14,-11,841,1043,835,93,-7,1119,788,9
1335,522,860,-10,-9,695,1045,707,111,-11,474,738,2
1106,572,1275,-12,-26,636,1175,805,69,-21,1178,1128,2
1237,656,1003,0,-21,891,1180,821,35,-13,962,1158,14
1174,840,930,0,-27,896,833,1317,47,-35,995,1113,1
1299,890,1200,-5,-22,1168,851,689,53,-36,988,1102,24
1208,564,1153,-11,-36,798,1074,1000,47,-29,802,972,1
1260,842,1205,-13,-28,901,975,1199,112,-19,609,997,0
1125,962,1125,-12,-41,1006,1139,1130,32,-38,645,776,15
1280,885,910,-3,-26,1116,755,1028,56,-25,1065,767,19
1337,719,1192,-12,-6,778,970,1222,60,-29,810,1159,17
1316,798,837,-7,-30,1074,1150,790,32,-23,526,957,23
1347,777,1092,-3,-35,778,1241,1042,115,-31,640,903,18
1119,755,845,-10,-30,873,849,898,30,-43,762,1148,8
1177,580,1231,-2,-29,747,823,735,112,-6,670,819,12
1226,909,1129,-1,-36,640,902,1314,36,-42,665,822,21
1154,893,934,-6,-30,709,696,1155,75,-5,882,727,4
1303,912,1203,-1,-31,1058,1310,925,69,-43,1088,819,8
1139,814,1060,-4,-16,934,823,653,70,-5,1179,668,9
1245,903,1124,-1,-28,922,1270,1211,103,-24,559,1182,2
1166,936,894,0,-14,1136,1099,1138,51,-20,1190,1184,11
1334,888,1080,-3,-17,949,1181,1171,91,-44,748,1059,17
1193,568,1105,-8,-13,651,1159,1215,65,-16,602,872,12
1280,738,978,-1,-17,696,1114,707,32,-23,1185,1163,5
1166,689,958,-3,-21,709,1298,783,95,-10,556,918,19
1256,635,1023,-10,-15,1142,891,886,83,-9,591,1157,22
1242,573,989,-5,-28,1193,1254,1300,82,-18,1129,1028,16
1145,856,829,-13,-36,633,1069,1326,119,-35,559,903,0
1133,629,1159,0,-26,1006,1001,1286,34,-9,437,1124,9
1175,739,1137,-1,-15,852,1134,761,89,-26,826,809,10
1165,965,1272,-3,-26,1132,1166,1151,62,-14,723,679,2
1278,957,1078,-13,-37,954,702,821,74,-16,474,797,9
1295,698,938,-6,-33,1125,673,1125,74,-25,458,770,9
1242,547,918,-11,-16,661,1147,1209,77,-18,1149,885,17
1162,681,911,-14,-40,1057,963,674,93,-37,693,1141,4
1275,916,987,-12,-16,1145,751,1246,54,-27,1191,1067,12
1319,978,827,-14,-15,1053,834,1235,109,-39,1024,805,4
1295,807,1145,-6,-34,885,942,750,39,-14,1182,699,2
1138,905,877,-5,-27,1129,1026,888,85,-8,1101,787,16
1273,567,1228,-8,-16,669,1272,1140,74,-28,787,701,14
1171,570,1078,-1,-9,675,764,1008,105,-10,1003,652,23
1320,632,1063,-7,-42,866,714,685,65,-38,446,1026,5
1155,841,1235,-2,-41,1084,898,1204,98,-36,893,688,12
1153,734,1160,-6,-16,848,1054,782,32,-40,1119,880,8
1223,518,863,-9,-40,688,1214,1247,73,-23,1156,919,12
1324,751,1171,-12,-37,606,716,1285,58,-44,742,918,24
1253,584,1087,0,-23,1076,957,986,31,-13,731,1073,8
1335,825,894,-10,-16,913,933,1187,30,-38,978,1179,21
1194,940,1217,-8,-43,803,1177,731,112,-6,677,884,1
1206,907,1223,0,-37,915,1225,1097,40,-44,674,1078,20
1184,710,1048,-11,-8,1158,1242,1033,53,-11,1127,988,11
1157,764,1182,-7,-37,930,1029,1239,88,-26,765,948,8
1301,559,1158,-14,-27,945,1317,1129,38,-29,1036,802,9
1319,774,814,-6,-30,1181,678,1087,89,-32,649,1170,19
1265,683,800,-4,-18,806,1236,1152,102,-40,480,1065,16
1141,682,856,-9,-36,978,883,1169,49,-35,722,899,5
1274,995,1060,-9,-25,696,760,823,85,-35,594,848,23
1128,732,832,-2,-32,1197,999,1119,37,-42,961,1036,4
1143,648,955,-4,-14,797,730,936,71,-21,948,1157,11
1114,781,1210,-8,-10,1091,935,798,102,-14,693,751,9
1184,581,914,-12,-38,1142,1220,1032,35,-16,1166,984,11
1154,832,815,-6,-38,1129,1171,853,108,-26,462,669,21
1289,782,880,0,-17,689,788,694,97,-7,919,697,9
1217,755,832,-6,-11,865,1271,890,113,-31,870,732,3
1158,891,833,-12,-38,1011,1061,1339,99,-16,989,693,2
1150,857,1076,-10,-23,907,1348,1179,109,-27,609,687,19
1104,739,1047,-4,-17,921,1078,1095,90,-30,771,1053,9
1192,513,1240,-6,-9,899,1201,1318,69,-26,591,801,18
1228,930,1132,-12,-15,842,841,953,91,-40,459,726,1
1330,730,1236,-3,-29,1057,1337,700,67,-9,707,783,15
1199,756,864,-2,-21,1056,1163,671,72,-34,1127,1152,15
1293,993,872,-1,-5,951,1178,1333,115,-20,1079,996,17
1103,606,855,-12,-17,1193,939,858,86,-15,642,976,12
1343,584,1183,-8,-26,1017,1217,894,113,-8,416,906,24
1212,858,1104,-9,-43,780,1310,1067,69,-29,1198,1140,18
1243,625,1036,0,-33,891,868,658,33,-35,774,877,10
1118,598,859,-5,-22,1171,1337,828,97,-43,874,760,20
1227,581,1129,-1,-10,920,674,1322,48,-43,752,1049,11
1177,504,1237,-5,-13,797,1114,1315,113,-43,745,792,16
1270,910,1147,-11,-34,1056,803,966,108,-7,1166,1166,2
1174,922,1219,-7,-5,692,962,1106,97,-13,576,1041,3
1250,585,1268,-6,-17,1156,858,1183,36,-15,722,747,21
1179,666,822,-6,-30,796,1114,1214,113,-6,484,881,9
1123,576,1287,-11,-41,770,900,1101,110,-8,400,719,10
1224,827,1205,-12,-38,735,1149,956,56,-18,835,985,11
1298,578,926,0,-36,1136,1046,1338,90,-27,1130,715,1
1192,561,954,-5,-43,972,813,1059,91,-22,999,847,10
1101,919,1175,-12,-21,970,1214,1208,91,-20,491,1022,18
1184,651,1139,-5,-25,1129,929,755,54,-13,448,1064,17
1308,605,1151,-14,-17,778,936,1237,115,-8,1095,855,14
1150,679,1162,-1,-21,1162,1204,1200,52,-38,429,1172,2
1180,743,1257,-10,-40,786,782,768,49,-33,972,935,10
1115,511,1135,-8,-33,690,959,1301,97,-10,1043,763,11
1154,811,1145,-13,-38,1022,660,990,34,-30,1016,846,8
1238,549,1031,-5,-29,631,1316,1047,52,-31,554,790,6
1177,999,1205,-12,-29,829,911,1010,76,-13,726,1063,5
1115,614,1107,-7,-42,995,1275,1060,54,-27,1066,1126,8
1276,763,806,-4,-18,823,722,709,86,-8,1177,1123,9
1324,554,980,-14,-43,1152,1005,1119,55,-25,459,978,12
1319,936,805,-6,-28,1093,863,657,68,-30,758,1028,16
1254,559,843,-4,-36,790,1148,1209,108,-8,452,1115,23
1117,799,1283,-4,-35,1179,759,704,72,-36,1101,1076,17
1275,984,1033,0,-9,1135,957,1090,90,-24,852,857,20
1208,701,1121,-13,-8,617,942,892,41,-16,780,1044,16
1182,804,1187,-5,-7,988,916,737,102,-18,1069,914,3
1296,771,1096,-14,-34,777,1302,1333,47,-15,1173,1019,16
1143,959,1023,-1,-24,1179,1059,995,68,-17,628,1197,20
1170,548,1128,-11,-6,1157,1036,873,32,-42,440,880,1
1121,843,906,-5,-11,603,903,820,82,-15,943,888,7
1195,554,1042,0,-43,1157,1139,1044,77,-28,576,1042,22
1210,659,1085,0,-29,728,793,1250,74,-20,600,696,22
1109,550,987,-7,-26,659,753,1057,36,-37,1011,844,12
1110,956,863,-4,-30,763,1248,967,95,-9,586,789,12
1191,928,862,-9,-13,706,725,1178,88,-40,787,918,16
1313,596,943,-8,-34,1022,874,1172,109,-15,989,844,22
1129,939,1250,0,-19,836,918,691,107,-17,749,807,5
1171,790,1244,-2,-17,1151,1240,990,35,-35,865,861,18
1237,775,1066,0,-5,745,1188,908,100,-40,649,1077,14
1176,636,1076,-4,-33,1179,1247,1319,40,-37,1161,878,24
1306,987,955,-7,-26,725,960,847,49,-7,923,827,16
1151,688,844,-13,-29,1169,1179,860,36,-5,1088,1140,20
1210,871,1008,-3,-17,824,893,698,116,-23,955,1192,1
1338,531,1011,-11,-30,980,840,924,72,-33,1063,732,5
1111,884,1144,-10,-31,1135,1238,949,75,-40,792,810,2
1333,924,887,0,-9,1069,1171,1045,36,-8,1184,1080,7
1228,750,1269,-9,-7,739,715,761,36,-14,1170,1185,12
1320,541,1081,-9,-28,1014,872,758,33,-12,522,969,16
1260,943,916,-2,-26,614,1286,1304,60,-38,1160,1041,7
1294,565,829,-11,-23,931,1184,843,78,-10,1172,1163,14
1249,672,1013,-7,-10,699,1296,1138,87,-8,788,813,23
1233,531,1100,-3,-22,1014,874,1115,48,-19,924,908,0
1174,854,1123,-1,-13,877,1173,1112,71,-6,688,725,2
1234,947,1082,-3,-19,918,1096,976,60,-17,416,993,2
1332,994,897,-7,-14,813,1206,920,42,-40,1173,895,12
1283,604,1170,-3,-22,685,744,1218,105,-8,1015,858,22
1312,852,1020,-8,-35,1073,918,923,38,-23,797,1030,20
1125,608,801,-10,-43,827,744,679,84,-28,804,651,20
1263,607,1036,-3,-30,754,1190,1023,42,-38,1015,701,16
1228,709,1110,-13,-29,944,987,778,96,-44,762,758,3
1227,843,825,-10,-43,1111,1310,929,72,-20,481,937,18
1321,629,1107,-9,-8,629,1162,903,33,-41,488,1094,10
1190,962,969,-1,-6,1190,1346,1133,85,-31,870,892,1
1345,508,1290,-13,-13,828,1106,937,46,-30,1011,672,15
1166,996,1107,-8,-36,1191,959,809,119,-32,796,944,18
1226,537,872,-6,-13,1018,1340,982,64,-38,800,766,12
1126,538,857,-6,-36,1005,995,902,112,-40,788,1194,13
1322,599,1139,-4,-16,923,954,1089,98,-32,996,852,2
1164,793,801,-10,-9,642,673,905,82,-36,708,842,5
1183,576,1223,0,-38,1062,1136,672,49,-43,1104,798,16
1319,899,855,-3,-9,1044,943,993,87,-34,791,1140,2
1349,871,968,-12,-41,1046,1336,775,101,-35,754,1093,6
1309,882,1228,-8,-19,951,828,1223,40,-26,1161,936,15
1317,524,1078,-12,-13,898,1296,1004,70,-40,1014,780,5
1314,595,1047,-1,-37,984,665,1035,102,-38,863,1171,21
1189,589,832,-4,-28,1166,1204,681,44,-17,808,1145,20
1321,519,826,-4,-32,627,880,956,88,-43,857,1169,17
1235,818,1243,-6,-35,680,1052,1000,56,-43,939,1139,16
1209,513,820,-4,-14,911,806,1167,83,-7,760,785,1
1212,730,812,-5,-23,621,850,1167,83,-42,879,688,22
1146,714,1246,-2,-29,877,750,693,109,-40,682,900,20
1153,624,999,-9,-36,906,1067,1220,35,-12,1145,917,13
1252,853,1183,0,-36,1155,1096,1282,62,-37,1121,706,9
1330,848,1288,-3,-15,838,1260,733,97,-21,1127,956,21
1276,877,939,0,-25,690,1263,1101,75,-9,881,746,22
1299,922,1232,-2,-44,1132,868,693,97,-35,585,739,15
1342,898,937,-7,-15,1011,1059,837,91,-17,1113,1066,11
1114,846,1080,-7,-16,1061,937,667,34,-9,552,898,2
1110,597,846,-13,-12,789,869,1223,53,-7,1174,688,21
1279,846,1281,0,-23,686,895,1053,100,-21,1128,1006,16
1142,706,905,-7,-39,908,868,847,115,-9,631,1065,13
1181,717,1216,-6,-7,855,1089,925,105,-6,446,1055,5
1208,694,1026,-4,-29,1167,1326,1107,51,-13,919,921,7
1109,686,929,-7,-6,760,1198,1224,39,-31,884,659,14
1248,849,1036,-9,-19,1027,1345,1327,101,-31,1072,689,6
1231,503,1142,-5,-6,674,1311,1269,92,-39,499,884,12
1338,790,1169,-4,-14,865,725,824,38,-32,535,1048,16
1137,553,1043,-4,-32,1067,803,1260,83,-33,711,849,17
1322,954,820,-7,-18,1044,1195,768,106,-5,757,779,7
1121,983,1220,-5,-22,888,1286,690,72,-20,837,798,1
1233,552,1046,-1,-14,975,1243,1258,75,-13,1052,837,6
1162,621,1080,-10,-28,897,701,1055,74,-6,494,1040,16
1286,728,1061,-10,-21,622,768,703,77,-35,625,1117,0
1153,979,1026,-7,-41,808,1039,737,64,-39,1019,815,22
1103,785,1064,-13,-12,880,953,769,94,-29,1018,879,20
1315,884,967,-13,-9,1010,1033,1297,85,-27,803,1050,24
1214,900,1137,-2,-27,617,732,1227,104,-11,420,825,3
1129,506,1097,-7,-41,1178,1337,729,115,-30,1007,762,4
1207,926,1032,-3,-28,620,772,1011,44,-10,705,963,17
1169,848,908,-4,-30,924,1345,889,83,-29,936,1042,12
1193,602,1106,-1,-11,1146,1150,1184,36,-38,749,894,5
1175,961,839,-6,-12,1144,694,1076,58,-24,424,1172,4
1229,818,1043,-10,-28,1092,664,765,79,-17,909,974,24
1165,753,1021,-10,-26,1175,810,869,46,-40,418,788,14
1327,809,1020,-1,-40,989,939,1117,89,-16,953,674,11
1218,518,897,-13,-8,680,1238,1324,66,-43,1070,1166,10
1149,644,827,-5,-30,934,936,745,99,-43,415,1130,18
1346,821,1158,-8,-23,675,1271,880,37,-34,744,749,12
1117,950,819,-1,-40,991,1110,671,114,-17,581,1010,14
1144,822,1139,-13,-28,1168,1264,1253,90,-39,614,1080,19
1225,768,958,-2,-33,1176,1329,895,38,-16,740,1128,7
1136,663,812,-14,-15,1084,936,1308,72,-42,777,1065,2
1219,938,1235,-6,-41,767,1164,1318,69,-6,417,1019,22
1264,532,1253,-4,-37,1157,1187,740,78,-9,868,1180,16
1289,900,1119,-11,-31,759,981,665,78,-12,721,1092,12
1246,610,1164,-13,-20,1170,1102,892,77,-20,1051,808,21
1189,654,1094,-13,-5,1142,781,1011,56,-36,780,678,14
1184,847,1193,-14,-27,1066,787,1227,40,-25,537,805,21
1119,611,1031,-11,-13,764,1021,899,104,-26,772,1138,14
1288,708,1198,-7,-7,799,931,1138,70,-27,679,883,1
1256,567,1198,-11,-42,1199,986,931,36,-13,945,994,8
1313,674,983,-13,-7,719,883,960,95,-17,535,920,8
1207,811,1010,-4,-41,1011,1180,955,42,-37,977,1184,12
1249,788,985,-11,-13,812,746,695,42,-43,404,830,8
1210,900,977,-5,-23,833,848,1040,32,-25,538,900,7
1155,527,890,-3,-44,659,1078,1251,94,-28,754,813,10
1112,759,976,0,-22,784,955,1229,101,-37,795,895,1
1328,802,1291,-1,-40,989,960,863,77,-14,721,828,12
1310,726,1171,-4,-39,620,746,847,97,-43,665,922,3
1109,577,926,-3,-9,822,1049,1243,67,-17,494,804,4
1294,777,841,-2,-16,1117,966,931,93,-26,436,742,0
1237,558,1084,-1,-7,850,764,1093,69,-18,814,674,6
1342,887,870,-7,-32,799,715,674,62,-42,431,903,8
1202,895,1087,-6,-43,870,918,967,31,-7,544,975,1
1284,658,1260,-9,-23,669,1030,1263,107,-5,897,1022,8
1319,915,920,-1,-30,1124,820,984,103,-37,889,1088,23
1251,533,1262,-13,-26,981,840,751,71,-42,487,1049,8
1264,768,1259,-2,-16,699,1274,745,64,-29,795,892,24
1236,561,1239,0,-11,827,1339,1145,99,-37,410,819,2
1285,881,1273,-2,-40,1004,871,1142,74,-25,738,700,7
1159,582,871,-10,-15,986,919,940,114,-20,473,1162,14
1142,578,1164,-11,-13,801,1309,1245,37,-26,647,744,20
1213,916,947,-10,-14,934,1244,1244,83,-12,479,909,9
1342,858,868,-4,-33,992,1226,1109,80,-40,438,742,18
1328,949,1279,-11,-20,1141,1138,1162,94,-44,742,742,0
1321,514,1297,-2,-21,938,869,1081,36,-16,511,780,3
1106,669,950,-13,-12,873,1323,683,107,-7,455,791,18
1217,775,827,-10,-21,985,1165,1018,81,-12,644,1102,10
1301,953,815,-11,-17,1101,1181,1129,91,-18,1008,831,0
1174,536,1191,-10,-44,622,698,1339,102,-30,695,1184,9
1241,524,1169,-12,-7,1096,1327,999,117,-10,637,714,14
1284,680,834,-4,-31,610,944,878,114,-23,823,950,20
1180,541,907,-6,-28,1179,1174,1031,39,-11,420,663,15
1251,565,1213,-2,-30,686,774,850,51,-25,1075,844,15
1244,547,975,-10,-26,609,864,1319,105,-43,795,1140,12
1292,546,1162,-8,-29,630,784,722,93,-6,1115,817,18
1310,622,811,-7,-26,1026,867,1274,65,-19,915,918,8
1235,625,843,-6,-13,933,885,1260,84,-26,986,1182,15
1312,603,1193,-7,-28,821,856,977,92,-6,1102,1109,11
1251,790,853,-11,-17,705,1188,855,95,-33,1168,781,3
1325,720,1229,-11,-34,1155,668,961,51,-11,1079,856,12
1224,614,1067,-5,-18,940,1066,1025,87,-6,694,896,17
1291,551,993,-13,-24,1054,682,1192,51,-42,874,661,8
1302,616,1178,-12,-19,860,1265,1106,39,-7,720,935,2
1300,934,1142,-14,-21,740,793,1237,44,-30,823,871,22
1118,602,965,-1,-35,659,759,666,71,-40,596,1120,24
1293,756,1175,-7,-14,726,811,928,95,-20,1169,834,1
1190,553,876,-6,-10,936,843,1112,61,-20,739,939,10
1168,703,1289,-9,-6,782,755,651,84,-20,494,829,22
1174,936,1178,-10,-25,1168,1140,985,41,-12,525,712,8
1205,933,1242,-2,-27,1181,806,896,38,-15,795,979,11
1346,735,1235,-8,-11,605,1214,912,36,-26,786,911,20
1157,909,1033,-2,-40,1108,1144,952,118,-33,489,1012,13
1158,611,1005,0,-41,604,1204,1129,53,-15,1059,989,4
1141,711,1227,-10,-40,811,1207,1114,114,-24,589,936,23
1167,637,874,-5,-7,887,724,725,100,-30,627,855,20
1139,898,883,-3,-6,1063,855,684,41,-32,607,954,9
1239,872,891,-13,-8,615,1333,1314,72,-38,1160,1084,9
1312,556,1021,-2,-17,1171,850,1178,100,-33,1108,831,22
1131,661,857,-13,-16,768,944,1221,71,-44,1182,741,4
1321,602,963,-13,-43,901,729,1069,50,-23,1052,1049,7
1245,603,1185,-2,-43,1104,1097,817,101,-18,655,890,12
1198,888,1091,-6,-13,637,797,879,111,-29,1154,1090,10
1209,902,846,0,-20,658,1032,682,49,-13,705,858,6
1303,764,809,-6,-27,1040,1285,1189,109,-32,782,983,21
1189,524,936,-14,-30,887,1013,884,65,-12,401,826,8
1164,754,972,-14,-28,705,806,1182,65,-39,1126,714,1
1259,635,1232,-11,-35,1065,663,1161,77,-38,858,756,9
1145,542,1105,-11,-36,1176,944,1332,77,-23,1148,731,7
1146,831,996,0,-37,984,967,1171,80,-39,864,1054,3
1271,503,1043,-10,-5,985,897,1188,118,-7,517,1173,19
1220,696,1249,-6,-23,766,771,1053,118,-18,819,887,19
1166,516,1288,-8,-19,677,692,1258,95,-33,877,1092,1
1100,525,1155,-11,-30,840,1132,834,69,-25,986,930,17
1145,576,1284,-12,-32,606,925,732,43,-19,637,1147,23
1171,727,958,-2,-26,1129,863,1224,46,-38,694,720,15
1149,750,1127,-11,-17,629,1115,976,46,-11,674,1048,7
1342,940,1256,-6,-42,983,755,1090,46,-17,889,671,1
1216,520,948,-8,-16,758,766,973,93,-10,1020,1086,2
1347,510,1046,-14,-21,1173,895,1092,60,-5,441,834,8
1299,557,841,-1,-44,613,790,1014,59,-39,954,890,8
1127,552,1165,-14,-14,991,991,1329,78,-36,451,1135,2
1283,751,966,-3,-18,1138,1340,897,40,-28,456,1102,14
1194,530,1113,-2,-7,756,954,1110,66,-13,578,1139,19
1133,612,1224,-4,-38,765,843,1280,105,-8,950,1008,11
1173,864,828,-12,-41,892,879,922,83,-11,985,908,0
1292,685,1109,-9,-44,1003,713,1289,78,-9,462,657,7
1177,930,1116,-9,-9,1164,999,996,87,-9,883,1099,22
1108,826,1102,-8,-5,851,996,813,116,-35,914,1127,13
1336,868,1181,-6,-19,1022,698,1030,39,-44,678,983,24
1226,589,1046,-6,-8,912,1202,1055,65,-8,1193,753,13
1330,718,852,-2,-29,926,925,1078,112,-26,706,1158,11
1287,559,1156,-14,-28,679,1074,1221,35,-9,1054,972,11
1320,549,1022,-10,-7,755,1286,1019,71,-11,1046,860,15
1310,587,891,0,-5,1176,1144,851,32,-16,887,1057,18
1221,790,886,-6,-44,706,835,784,109,-26,659,978,19
1282,581,1271,-14,-8,642,806,1254,100,-24,666,754,22
1282,941,1214,0,-21,699,1047,1103,77,-12,1079,1132,12
1102,533,836,-10,-15,747,1103,990,31,-26,1179,1095,21
1274,999,846,-7,-8,783,882,817,114,-28,863,683,0
1315,829,1114,-11,-11,1157,875,759,119,-28,854,709,5
1247,736,873,0,-12,699,1066,939,106,-42,1075,691,16
